experiment,window,phase,kind,head,requests,selected,confidence,correct,regret,selected_movement,oracle_movement,FCFS,SSTF,SCAN,C-SCAN
independent,0,standalone,sequential,134,"[125, 127, 129, 131, 133, 135, 137, 139, 141, 143, 145, 147, 149, 151, 153, 155, 157, 159, 161, 163, 165, 167, 169, 171]",FCFS,1.0,1,0,55,55,55,55,305,397
independent,1,standalone,sequential,169,"[109, 106, 103, 100, 97, 94, 91, 88, 85, 82, 79, 76, 73, 70, 67, 64, 61, 58, 55, 52, 49, 46, 43, 40]",FCFS,0.6896551724137931,1,0,129,129,129,129,129,129
independent,2,standalone,sequential,99,"[42, 43, 44, 45, 46, 47, 48, 49, 50, 51, 52, 53, 54, 55, 56, 57, 58, 59, 60, 61, 62, 63, 64, 65]",FCFS,0.4909090909090909,0,23,80,57,80,57,57,57
independent,3,standalone,sequential,14,"[50, 47, 44, 41, 38, 35, 32, 29, 26, 23, 20, 17, 14, 11, 8, 5, 2, 0, 0, 0, 0, 0, 0, 0]",FCFS,0.85,0,22,86,64,86,86,64,395
independent,4,standalone,sequential,72,"[130, 133, 136, 139, 142, 145, 148, 151, 154, 157, 160, 163, 166, 169, 172, 175, 178, 181, 184, 187, 190, 193, 196, 199]",FCFS,0.5046728971962616,1,0,127,127,127,127,271,340
independent,5,standalone,sequential,154,"[154, 151, 148, 145, 142, 139, 136, 133, 130, 127, 124, 121, 118, 115, 112, 109, 106, 103, 100, 97, 94, 91, 88, 85]",SSTF,0.7045454545454546,1,0,69,69,69,69,69,69
independent,6,standalone,sequential,9,"[28, 27, 26, 25, 24, 23, 22, 21, 20, 19, 18, 17, 16, 15, 14, 13, 12, 11, 10, 9, 8, 7, 6, 5]",FCFS,0.8064516129032258,0,5,42,37,42,42,37,397
independent,7,standalone,sequential,80,"[155, 158, 161, 164, 167, 170, 173, 176, 179, 182, 185, 188, 191, 194, 197, 199, 199, 199, 199, 199, 199, 199, 199, 199]",FCFS,1.0,1,0,119,119,119,119,279,323
independent,8,standalone,sequential,44,"[29, 32, 35, 38, 41, 44, 47, 50, 53, 56, 59, 62, 65, 68, 71, 74, 77, 80, 83, 86, 89, 92, 95, 98]",FCFS,0.6896551724137931,1,0,84,84,84,84,142,395
independent,9,standalone,sequential,99,"[90, 93, 96, 99, 102, 105, 108, 111, 114, 117, 120, 123, 126, 129, 132, 135, 138, 141, 144, 147, 150, 153, 156, 159]",FCFS,0.5046728971962616,1,0,78,78,78,78,258,395
independent,10,standalone,sequential,178,"[21, 23, 25, 27, 29, 31, 33, 35, 37, 39, 41, 43, 45, 47, 49, 51, 53, 55, 57, 59, 61, 63, 65, 67]",FCFS,0.4909090909090909,0,46,203,157,203,157,157,157
independent,11,standalone,sequential,154,"[25, 27, 29, 31, 33, 35, 37, 39, 41, 43, 45, 47, 49, 51, 53, 55, 57, 59, 61, 63, 65, 67, 69, 71]",FCFS,0.4909090909090909,0,46,175,129,175,129,129,129
independent,12,standalone,sequential,33,"[151, 153, 155, 157, 159, 161, 163, 165, 167, 169, 171, 173, 175, 177, 179, 181, 183, 185, 187, 189, 191, 193, 195, 197]",FCFS,0.5046728971962616,1,0,164,164,164,164,230,280
independent,13,standalone,sequential,88,"[142, 145, 148, 151, 154, 157, 160, 163, 166, 169, 172, 175, 178, 181, 184, 187, 190, 193, 196, 199, 199, 199, 199, 199]",FCFS,1.0,1,0,111,111,111,111,287,344
independent,14,standalone,sequential,91,"[151, 149, 147, 145, 143, 141, 139, 137, 135, 133, 131, 129, 127, 125, 123, 121, 119, 117, 115, 113, 111, 109, 107, 105]",FCFS,0.5046728971962616,0,46,106,60,106,60,242,384
independent,15,standalone,sequential,184,"[36, 39, 42, 45, 48, 51, 54, 57, 60, 63, 66, 69, 72, 75, 78, 81, 84, 87, 90, 93, 96, 99, 102, 105]",FCFS,0.6896551724137931,0,69,217,148,217,148,148,148
independent,16,standalone,sequential,133,"[192, 193, 194, 195, 196, 197, 198, 199, 199, 199, 199, 199, 199, 199, 199, 199, 199, 199, 199, 199, 199, 199, 199, 199]",FCFS,1.0,1,0,66,66,66,66,332,339
independent,17,standalone,sequential,114,"[92, 93, 94, 95, 96, 97, 98, 99, 100, 101, 102, 103, 104, 105, 106, 107, 108, 109, 110, 111, 112, 113, 114, 115]",FCFS,0.8064516129032258,1,0,45,45,45,45,229,397
independent,18,standalone,sequential,149,"[103, 106, 109, 112, 115, 118, 121, 124, 127, 130, 133, 136, 139, 142, 145, 148, 151, 154, 157, 160, 163, 166, 169, 172]",FCFS,1.0,1,0,115,115,115,115,321,396
independent,19,standalone,sequential,135,"[66, 64, 62, 60, 58, 56, 54, 52, 50, 48, 46, 44, 42, 40, 38, 36, 34, 32, 30, 28, 26, 24, 22, 20]",FCFS,0.4909090909090909,1,0,115,115,115,115,115,115
independent,20,standalone,sequential,115,"[165, 163, 161, 159, 157, 155, 153, 151, 149, 147, 145, 143, 141, 139, 137, 135, 133, 131, 129, 127, 125, 123, 121, 119]",FCFS,0.5046728971962616,0,46,96,50,96,50,280,394
independent,21,standalone,sequential,190,"[44, 47, 50, 53, 56, 59, 62, 65, 68, 71, 74, 77, 80, 83, 86, 89, 92, 95, 98, 101, 104, 107, 110, 113]",FCFS,0.6896551724137931,0,69,215,146,215,146,146,146
independent,22,standalone,sequential,95,"[147, 148, 149, 150, 151, 152, 153, 154, 155, 156, 157, 158, 159, 160, 161, 162, 163, 164, 165, 166, 167, 168, 169, 170]",FCFS,0.5046728971962616,1,0,75,75,75,75,265,346
independent,23,standalone,sequential,84,"[62, 61, 60, 59, 58, 57, 56, 55, 54, 53, 52, 51, 50, 49, 48, 47, 46, 45, 44, 43, 42, 41, 40, 39]",FCFS,0.4909090909090909,1,0,45,45,45,45,45,45
independent,24,standalone,sequential,167,"[41, 38, 35, 32, 29, 26, 23, 20, 17, 14, 11, 8, 5, 2, 0, 0, 0, 0, 0, 0, 0, 0, 0, 0]",FCFS,1.0,1,0,167,167,167,167,167,167
independent,25,standalone,sequential,115,"[146, 147, 148, 149, 150, 151, 152, 153, 154, 155, 156, 157, 158, 159, 160, 161, 162, 163, 164, 165, 166, 167, 168, 169]",FCFS,0.5046728971962616,1,0,54,54,54,54,284,367
independent,26,standalone,sequential,98,"[107, 104, 101, 98, 95, 92, 89, 86, 83, 80, 77, 74, 71, 68, 65, 62, 59, 56, 53, 50, 47, 44, 41, 38]",FCFS,0.6896551724137931,1,0,78,78,78,78,205,395
independent,27,standalone,sequential,29,"[15, 14, 13, 12, 11, 10, 9, 8, 7, 6, 5, 4, 3, 2, 1, 0, 0, 0, 0, 0, 0, 0, 0, 0]",FCFS,0.85,1,0,29,29,29,29,29,29
independent,28,standalone,sequential,46,"[171, 174, 177, 180, 183, 186, 189, 192, 195, 198, 199, 199, 199, 199, 199, 199, 199, 199, 199, 199, 199, 199, 199, 199]",FCFS,1.0,1,0,153,153,153,153,245,273
independent,29,standalone,sequential,20,"[64, 67, 70, 73, 76, 79, 82, 85, 88, 91, 94, 97, 100, 103, 106, 109, 112, 115, 118, 121, 124, 127, 130, 133]",FCFS,0.5046728971962616,1,0,113,113,113,113,153,354
independent,30,standalone,sequential,146,"[97, 100, 103, 106, 109, 112, 115, 118, 121, 124, 127, 130, 133, 136, 139, 142, 145, 148, 151, 154, 157, 160, 163, 166]",FCFS,1.0,1,0,118,118,118,118,312,396
independent,31,standalone,sequential,84,"[2, 5, 8, 11, 14, 17, 20, 23, 26, 29, 32, 35, 38, 41, 44, 47, 50, 53, 56, 59, 62, 65, 68, 71]",FCFS,0.4909090909090909,0,69,151,82,151,82,82,82
independent,32,standalone,sequential,118,"[4, 5, 6, 7, 8, 9, 10, 11, 12, 13, 14, 15, 16, 17, 18, 19, 20, 21, 22, 23, 24, 25, 26, 27]",FCFS,0.4909090909090909,0,23,137,114,137,114,114,114
independent,33,standalone,sequential,103,"[83, 84, 85, 86, 87, 88, 89, 90, 91, 92, 93, 94, 95, 96, 97, 98, 99, 100, 101, 102, 103, 104, 105, 106]",FCFS,0.8064516129032258,1,0,43,43,43,43,209,397
independent,34,standalone,sequential,2,"[71, 68, 65, 62, 59, 56, 53, 50, 47, 44, 41, 38, 35, 32, 29, 26, 23, 20, 17, 14, 11, 8, 5, 2]",FCFS,0.4909090909090909,0,69,138,69,138,69,73,395
independent,35,standalone,sequential,53,"[0, 2, 4, 6, 8, 10, 12, 14, 16, 18, 20, 22, 24, 26, 28, 30, 32, 34, 36, 38, 40, 42, 44, 46]",FCFS,0.4909090909090909,0,46,99,53,99,53,53,53
independent,36,standalone,sequential,57,"[130, 129, 128, 127, 126, 125, 124, 123, 122, 121, 120, 119, 118, 117, 116, 115, 114, 113, 112, 111, 110, 109, 108, 107]",FCFS,0.5046728971962616,0,23,96,73,96,73,187,348
independent,37,standalone,sequential,106,"[152, 151, 150, 149, 148, 147, 146, 145, 144, 143, 142, 141, 140, 139, 138, 137, 136, 135, 134, 133, 132, 131, 130, 129]",FCFS,0.5046728971962616,0,23,69,46,69,46,258,375
independent,38,standalone,sequential,180,"[68, 69, 70, 71, 72, 73, 74, 75, 76, 77, 78, 79, 80, 81, 82, 83, 84, 85, 86, 87, 88, 89, 90, 91]",FCFS,0.6896551724137931,0,23,135,112,135,112,112,112
independent,39,standalone,sequential,27,"[49, 50, 51, 52, 53, 54, 55, 56, 57, 58, 59, 60, 61, 62, 63, 64, 65, 66, 67, 68, 69, 70, 71, 72]",FCFS,0.6896551724137931,1,0,45,45,45,45,99,376
independent,40,standalone,sequential,124,"[55, 56, 57, 58, 59, 60, 61, 62, 63, 64, 65, 66, 67, 68, 69, 70, 71, 72, 73, 74, 75, 76, 77, 78]",FCFS,0.6896551724137931,0,23,92,69,92,69,69,69
independent,41,standalone,sequential,40,"[154, 152, 150, 148, 146, 144, 142, 140, 138, 136, 134, 132, 130, 128, 126, 124, 122, 120, 118, 116, 114, 112, 110, 108]",FCFS,0.5046728971962616,0,46,160,114,160,114,194,330
independent,42,standalone,sequential,154,"[48, 51, 54, 57, 60, 63, 66, 69, 72, 75, 78, 81, 84, 87, 90, 93, 96, 99, 102, 105, 108, 111, 114, 117]",FCFS,0.6896551724137931,0,69,175,106,175,106,106,106
independent,43,standalone,sequential,1,"[188, 189, 190, 191, 192, 193, 194, 195, 196, 197, 198, 199, 199, 199, 199, 199, 199, 199, 199, 199, 199, 199, 199, 199]",FCFS,1.0,1,0,198,198,198,198,200,211
independent,44,standalone,sequential,176,"[188, 187, 186, 185, 184, 183, 182, 181, 180, 179, 178, 177, 176, 175, 174, 173, 172, 171, 170, 169, 168, 167, 166, 165]",FCFS,0.8064516129032258,1,0,35,35,35,35,364,397
independent,45,standalone,sequential,126,"[18, 16, 14, 12, 10, 8, 6, 4, 2, 0, 0, 0, 0, 0, 0, 0, 0, 0, 0, 0, 0, 0, 0, 0]",FCFS,1.0,1,0,126,126,126,126,126,126
independent,46,standalone,sequential,29,"[95, 97, 99, 101, 103, 105, 107, 109, 111, 113, 115, 117, 119, 121, 123, 125, 127, 129, 131, 133, 135, 137, 139, 141]",FCFS,0.5046728971962616,1,0,112,112,112,112,170,332
independent,47,standalone,sequential,11,"[55, 58, 61, 64, 67, 70, 73, 76, 79, 82, 85, 88, 91, 94, 97, 100, 103, 106, 109, 112, 115, 118, 121, 124]",FCFS,0.5046728971962616,1,0,113,113,113,113,135,354
independent,48,standalone,sequential,7,"[11, 14, 17, 20, 23, 26, 29, 32, 35, 38, 41, 44, 47, 50, 53, 56, 59, 62, 65, 68, 71, 74, 77, 80]",FCFS,0.4909090909090909,1,0,73,73,73,73,87,394
independent,49,standalone,sequential,114,"[145, 146, 147, 148, 149, 150, 151, 152, 153, 154, 155, 156, 157, 158, 159, 160, 161, 162, 163, 164, 165, 166, 167, 168]",FCFS,0.5046728971962616,1,0,54,54,54,54,282,367
independent,50,standalone,sequential,95,"[119, 122, 125, 128, 131, 134, 137, 140, 143, 146, 149, 152, 155, 158, 161, 164, 167, 170, 173, 176, 179, 182, 185, 188]",FCFS,0.5046728971962616,1,0,93,93,93,93,283,374
independent,51,standalone,sequential,26,"[99, 102, 105, 108, 111, 114, 117, 120, 123, 126, 129, 132, 135, 138, 141, 144, 147, 150, 153, 156, 159, 162, 165, 168]",FCFS,0.5046728971962616,1,0,142,142,142,142,194,325
independent,52,standalone,sequential,169,"[94, 95, 96, 97, 98, 99, 100, 101, 102, 103, 104, 105, 106, 107, 108, 109, 110, 111, 112, 113, 114, 115, 116, 117]",SSTF,0.7045454545454546,1,0,75,75,98,75,75,75
independent,53,standalone,sequential,192,"[176, 173, 170, 167, 164, 161, 158, 155, 152, 149, 146, 143, 140, 137, 134, 131, 128, 125, 122, 119, 116, 113, 110, 107]",SSTF,0.7045454545454546,1,0,85,85,85,85,85,85
independent,54,standalone,sequential,49,"[122, 125, 128, 131, 134, 137, 140, 143, 146, 149, 152, 155, 158, 161, 164, 167, 170, 173, 176, 179, 182, 185, 188, 191]",FCFS,0.5046728971962616,1,0,142,142,142,142,240,325
independent,55,standalone,sequential,132,"[76, 78, 80, 82, 84, 86, 88, 90, 92, 94, 96, 98, 100, 102, 104, 106, 108, 110, 112, 114, 116, 118, 120, 122]",SSTF,0.7045454545454546,1,0,56,56,102,56,56,56
independent,56,standalone,sequential,13,"[37, 36, 35, 34, 33, 32, 31, 30, 29, 28, 27, 26, 25, 24, 23, 22, 21, 20, 19, 18, 17, 16, 15, 14]",FCFS,0.8064516129032258,0,23,47,24,47,24,50,397
independent,57,standalone,sequential,3,"[162, 160, 158, 156, 154, 152, 150, 148, 146, 144, 142, 140, 138, 136, 134, 132, 130, 128, 126, 124, 122, 120, 118, 116]",FCFS,0.5046728971962616,0,46,205,159,205,159,165,285
independent,58,standalone,sequential,118,"[29, 27, 25, 23, 21, 19, 17, 15, 13, 11, 9, 7, 5, 3, 1, 0, 0, 0, 0, 0, 0, 0, 0, 0]",FCFS,1.0,1,0,118,118,118,118,118,118
independent,59,standalone,sequential,111,"[126, 125, 124, 123, 122, 121, 120, 119, 118, 117, 116, 115, 114, 113, 112, 111, 110, 109, 108, 107, 106, 105, 104, 103]",FCFS,0.8064516129032258,1,0,38,38,38,38,237,397
independent,60,standalone,sequential,9,"[185, 184, 183, 182, 181, 180, 179, 178, 177, 176, 175, 174, 173, 172, 171, 170, 169, 168, 167, 166, 165, 164, 163, 162]",FCFS,0.5046728971962616,0,23,199,176,199,176,194,245
independent,61,standalone,sequential,1,"[73, 72, 71, 70, 69, 68, 67, 66, 65, 64, 63, 62, 61, 60, 59, 58, 57, 56, 55, 54, 53, 52, 51, 50]",FCFS,0.6896551724137931,0,23,95,72,95,72,74,349
independent,62,standalone,sequential,187,"[12, 9, 6, 3, 0, 0, 0, 0, 0, 0, 0, 0, 0, 0, 0, 0, 0, 0, 0, 0, 0, 0, 0, 0]",FCFS,1.0,1,0,187,187,187,187,187,187
independent,63,standalone,sequential,79,"[152, 150, 148, 146, 144, 142, 140, 138, 136, 134, 132, 130, 128, 126, 124, 122, 120, 118, 116, 114, 112, 110, 108, 106]",FCFS,0.5046728971962616,0,46,119,73,119,73,231,371
independent,64,standalone,sequential,89,"[5, 6, 7, 8, 9, 10, 11, 12, 13, 14, 15, 16, 17, 18, 19, 20, 21, 22, 23, 24, 25, 26, 27, 28]",FCFS,0.4909090909090909,0,23,107,84,107,84,84,84
independent,65,standalone,sequential,8,"[86, 89, 92, 95, 98, 101, 104, 107, 110, 113, 116, 119, 122, 125, 128, 131, 134, 137, 140, 143, 146, 149, 152, 155]",FCFS,0.5046728971962616,1,0,147,147,147,147,163,320
independent,66,standalone,sequential,50,"[77, 79, 81, 83, 85, 87, 89, 91, 93, 95, 97, 99, 101, 103, 105, 107, 109, 111, 113, 115, 117, 119, 121, 123]",FCFS,0.5046728971962616,1,0,73,73,73,73,173,371
independent,67,standalone,sequential,64,"[159, 162, 165, 168, 171, 174, 177, 180, 183, 186, 189, 192, 195, 198, 199, 199, 199, 199, 199, 199, 199, 199, 199, 199]",FCFS,1.0,1,0,135,135,135,135,263,303
independent,68,standalone,sequential,14,"[189, 188, 187, 186, 185, 184, 183, 182, 181, 180, 179, 178, 177, 176, 175, 174, 173, 172, 171, 170, 169, 168, 167, 166]",FCFS,0.5046728971962616,0,23,198,175,198,175,203,246
independent,69,standalone,sequential,153,"[178, 176, 174, 172, 170, 168, 166, 164, 162, 160, 158, 156, 154, 152, 150, 148, 146, 144, 142, 140, 138, 136, 134, 132]",FCFS,1.0,1,0,71,71,71,71,331,397
independent,70,standalone,sequential,104,"[60, 58, 56, 54, 52, 50, 48, 46, 44, 42, 40, 38, 36, 34, 32, 30, 28, 26, 24, 22, 20, 18, 16, 14]",FCFS,0.4909090909090909,1,0,90,90,90,90,90,90
independent,71,standalone,sequential,5,"[43, 45, 47, 49, 51, 53, 55, 57, 59, 61, 63, 65, 67, 69, 71, 73, 75, 77, 79, 81, 83, 85, 87, 89]",FCFS,0.6896551724137931,1,0,84,84,84,84,94,360
independent,72,standalone,sequential,24,"[40, 43, 46, 49, 52, 55, 58, 61, 64, 67, 70, 73, 76, 79, 82, 85, 88, 91, 94, 97, 100, 103, 106, 109]",FCFS,0.6896551724137931,1,0,85,85,85,85,133,382
independent,73,standalone,sequential,137,"[180, 177, 174, 171, 168, 165, 162, 159, 156, 153, 150, 147, 144, 141, 138, 135, 132, 129, 126, 123, 120, 117, 114, 111]",FCFS,1.0,1,0,112,112,112,112,317,397
independent,74,standalone,sequential,29,"[33, 30, 27, 24, 21, 18, 15, 12, 9, 6, 3, 0, 0, 0, 0, 0, 0, 0, 0, 0, 0, 0, 0, 0]",FCFS,0.85,1,0,37,37,37,37,62,397
independent,75,standalone,sequential,170,"[72, 73, 74, 75, 76, 77, 78, 79, 80, 81, 82, 83, 84, 85, 86, 87, 88, 89, 90, 91, 92, 93, 94, 95]",SSTF,0.7045454545454546,1,0,98,98,121,98,98,98
independent,76,standalone,sequential,98,"[10, 8, 6, 4, 2, 0, 0, 0, 0, 0, 0, 0, 0, 0, 0, 0, 0, 0, 0, 0, 0, 0, 0, 0]",FCFS,1.0,1,0,98,98,98,98,98,98
independent,77,standalone,sequential,5,"[122, 119, 116, 113, 110, 107, 104, 101, 98, 95, 92, 89, 86, 83, 80, 77, 74, 71, 68, 65, 62, 59, 56, 53]",FCFS,0.5046728971962616,0,69,186,117,186,117,127,350
independent,78,standalone,sequential,110,"[25, 24, 23, 22, 21, 20, 19, 18, 17, 16, 15, 14, 13, 12, 11, 10, 9, 8, 7, 6, 5, 4, 3, 2]",FCFS,0.4909090909090909,1,0,108,108,108,108,108,108
independent,79,standalone,sequential,106,"[110, 113, 116, 119, 122, 125, 128, 131, 134, 137, 140, 143, 146, 149, 152, 155, 158, 161, 164, 167, 170, 173, 176, 179]",FCFS,0.5046728971962616,1,0,73,73,73,73,285,394
independent,80,standalone,sequential,120,"[122, 119, 116, 113, 110, 107, 104, 101, 98, 95, 92, 89, 86, 83, 80, 77, 74, 71, 68, 65, 62, 59, 56, 53]",FCFS,0.5046728971962616,1,0,71,71,71,73,242,396
independent,81,standalone,sequential,151,"[40, 38, 36, 34, 32, 30, 28, 26, 24, 22, 20, 18, 16, 14, 12, 10, 8, 6, 4, 2, 0, 0, 0, 0]",FCFS,1.0,1,0,151,151,151,151,151,151
independent,82,standalone,sequential,134,"[103, 104, 105, 106, 107, 108, 109, 110, 111, 112, 113, 114, 115, 116, 117, 118, 119, 120, 121, 122, 123, 124, 125, 126]",FCFS,0.8064516129032258,0,23,54,31,54,31,31,31
independent,83,standalone,sequential,83,"[133, 131, 129, 127, 125, 123, 121, 119, 117, 115, 113, 111, 109, 107, 105, 103, 101, 99, 97, 95, 93, 91, 89, 87]",FCFS,0.5046728971962616,0,46,96,50,96,50,216,394
independent,84,standalone,sequential,148,"[78, 79, 80, 81, 82, 83, 84, 85, 86, 87, 88, 89, 90, 91, 92, 93, 94, 95, 96, 97, 98, 99, 100, 101]",SSTF,0.7045454545454546,1,0,70,70,93,70,70,70
independent,85,standalone,sequential,143,"[52, 54, 56, 58, 60, 62, 64, 66, 68, 70, 72, 74, 76, 78, 80, 82, 84, 86, 88, 90, 92, 94, 96, 98]",FCFS,0.6896551724137931,0,46,137,91,137,91,91,91
independent,86,standalone,sequential,7,"[6, 5, 4, 3, 2, 1, 0, 0, 0, 0, 0, 0, 0, 0, 0, 0, 0, 0, 0, 0, 0, 0, 0, 0]",FCFS,0.85,1,0,7,7,7,7,7,7
independent,87,standalone,sequential,31,"[53, 50, 47, 44, 41, 38, 35, 32, 29, 26, 23, 20, 17, 14, 11, 8, 5, 2, 0, 0, 0, 0, 0, 0]",FCFS,0.85,1,0,75,75,75,75,84,397
independent,88,standalone,sequential,192,"[27, 28, 29, 30, 31, 32, 33, 34, 35, 36, 37, 38, 39, 40, 41, 42, 43, 44, 45, 46, 47, 48, 49, 50]",FCFS,0.4909090909090909,0,23,188,165,188,165,165,165
independent,89,standalone,sequential,86,"[189, 191, 193, 195, 197, 199, 199, 199, 199, 199, 199, 199, 199, 199, 199, 199, 199, 199, 199, 199, 199, 199, 199, 199]",FCFS,1.0,1,0,113,113,113,113,285,295
independent,90,standalone,sequential,76,"[118, 115, 112, 109, 106, 103, 100, 97, 94, 91, 88, 85, 82, 79, 76, 73, 70, 67, 64, 61, 58, 55, 52, 49]",FCFS,1.0,1,0,111,111,111,111,194,395
independent,91,standalone,sequential,32,"[89, 88, 87, 86, 85, 84, 83, 82, 81, 80, 79, 78, 77, 76, 75, 74, 73, 72, 71, 70, 69, 68, 67, 66]",FCFS,0.6896551724137931,0,23,80,57,80,57,121,364
independent,92,standalone,sequential,74,"[159, 160, 161, 162, 163, 164, 165, 166, 167, 168, 169, 170, 171, 172, 173, 174, 175, 176, 177, 178, 179, 180, 181, 182]",FCFS,0.5046728971962616,1,0,108,108,108,108,256,313
independent,93,standalone,sequential,187,"[81, 79, 77, 75, 73, 71, 69, 67, 65, 63, 61, 59, 57, 55, 53, 51, 49, 47, 45, 43, 41, 39, 37, 35]",FCFS,0.6896551724137931,1,0,152,152,152,152,152,152
independent,94,standalone,sequential,117,"[141, 140, 139, 138, 137, 136, 135, 134, 133, 132, 131, 130, 129, 128, 127, 126, 125, 124, 123, 122, 121, 120, 119, 118]",FCFS,0.8064516129032258,0,23,47,24,47,24,258,397
independent,95,standalone,sequential,150,"[167, 168, 169, 170, 171, 172, 173, 174, 175, 176, 177, 178, 179, 180, 181, 182, 183, 184, 185, 186, 187, 188, 189, 190]",FCFS,0.5046728971962616,1,0,40,40,40,40,340,381
independent,96,standalone,sequential,85,"[176, 174, 172, 170, 168, 166, 164, 162, 160, 158, 156, 154, 152, 150, 148, 146, 144, 142, 140, 138, 136, 134, 132, 130]",FCFS,0.5046728971962616,0,46,137,91,137,91,261,353
independent,97,standalone,sequential,25,"[49, 50, 51, 52, 53, 54, 55, 56, 57, 58, 59, 60, 61, 62, 63, 64, 65, 66, 67, 68, 69, 70, 71, 72]",FCFS,0.6896551724137931,1,0,47,47,47,47,97,374
independent,98,standalone,sequential,107,"[5, 8, 11, 14, 17, 20, 23, 26, 29, 32, 35, 38, 41, 44, 47, 50, 53, 56, 59, 62, 65, 68, 71, 74]",FCFS,0.4909090909090909,0,69,171,102,171,102,102,102
independent,99,standalone,sequential,12,"[177, 176, 175, 174, 173, 172, 171, 170, 169, 168, 167, 166, 165, 164, 163, 162, 161, 160, 159, 158, 157, 156, 155, 154]",FCFS,0.5046728971962616,0,23,188,165,188,165,189,256
independent,100,standalone,sequential,46,"[192, 191, 190, 189, 188, 187, 186, 185, 184, 183, 182, 181, 180, 179, 178, 177, 176, 175, 174, 173, 172, 171, 170, 169]",FCFS,0.5046728971962616,0,23,169,146,169,146,238,275
independent,101,standalone,sequential,158,"[13, 11, 9, 7, 5, 3, 1, 0, 0, 0, 0, 0, 0, 0, 0, 0, 0, 0, 0, 0, 0, 0, 0, 0]",FCFS,1.0,1,0,158,158,158,158,158,158
independent,102,standalone,sequential,73,"[31, 32, 33, 34, 35, 36, 37, 38, 39, 40, 41, 42, 43, 44, 45, 46, 47, 48, 49, 50, 51, 52, 53, 54]",FCFS,0.4909090909090909,0,23,65,42,65,42,42,42
independent,103,standalone,sequential,13,"[13, 15, 17, 19, 21, 23, 25, 27, 29, 31, 33, 35, 37, 39, 41, 43, 45, 47, 49, 51, 53, 55, 57, 59]",FCFS,0.4909090909090909,1,0,46,46,46,46,72,396
independent,104,standalone,sequential,135,"[50, 53, 56, 59, 62, 65, 68, 71, 74, 77, 80, 83, 86, 89, 92, 95, 98, 101, 104, 107, 110, 113, 116, 119]",SSTF,0.7045454545454546,1,0,85,85,154,85,85,85
independent,105,standalone,sequential,164,"[29, 32, 35, 38, 41, 44, 47, 50, 53, 56, 59, 62, 65, 68, 71, 74, 77, 80, 83, 86, 89, 92, 95, 98]",FCFS,0.6896551724137931,0,69,204,135,204,135,135,135
independent,106,standalone,sequential,194,"[93, 92, 91, 90, 89, 88, 87, 86, 85, 84, 83, 82, 81, 80, 79, 78, 77, 76, 75, 74, 73, 72, 71, 70]",FCFS,0.6896551724137931,1,0,124,124,124,124,124,124
independent,107,standalone,sequential,180,"[152, 149, 146, 143, 140, 137, 134, 131, 128, 125, 122, 119, 116, 113, 110, 107, 104, 101, 98, 95, 92, 89, 86, 83]",SSTF,0.7045454545454546,1,0,97,97,97,97,97,97
independent,108,standalone,sequential,102,"[0, 3, 6, 9, 12, 15, 18, 21, 24, 27, 30, 33, 36, 39, 42, 45, 48, 51, 54, 57, 60, 63, 66, 69]",FCFS,0.4909090909090909,0,69,171,102,171,102,102,102
independent,109,standalone,sequential,63,"[113, 115, 117, 119, 121, 123, 125, 127, 129, 131, 133, 135, 137, 139, 141, 143, 145, 147, 149, 151, 153, 155, 157, 159]",FCFS,0.5046728971962616,1,0,96,96,96,96,222,348
independent,110,standalone,sequential,133,"[172, 169, 166, 163, 160, 157, 154, 151, 148, 145, 142, 139, 136, 133, 130, 127, 124, 121, 118, 115, 112, 109, 106, 103]",FCFS,1.0,1,0,108,108,108,108,305,395
independent,111,standalone,sequential,97,"[29, 32, 35, 38, 41, 44, 47, 50, 53, 56, 59, 62, 65, 68, 71, 74, 77, 80, 83, 86, 89, 92, 95, 98]",FCFS,0.6896551724137931,0,67,137,70,137,70,195,397
independent,112,standalone,sequential,171,"[19, 21, 23, 25, 27, 29, 31, 33, 35, 37, 39, 41, 43, 45, 47, 49, 51, 53, 55, 57, 59, 61, 63, 65]",FCFS,0.4909090909090909,0,46,198,152,198,152,152,152
independent,113,standalone,sequential,43,"[177, 176, 175, 174, 173, 172, 171, 170, 169, 168, 167, 166, 165, 164, 163, 162, 161, 160, 159, 158, 157, 156, 155, 154]",FCFS,0.5046728971962616,0,23,157,134,157,134,220,287
independent,114,standalone,sequential,197,"[192, 189, 186, 183, 180, 177, 174, 171, 168, 165, 162, 159, 156, 153, 150, 147, 144, 141, 138, 135, 132, 129, 126, 123]",SSTF,0.7045454545454546,1,0,74,74,74,74,74,74
independent,115,standalone,sequential,173,"[110, 107, 104, 101, 98, 95, 92, 89, 86, 83, 80, 77, 74, 71, 68, 65, 62, 59, 56, 53, 50, 47, 44, 41]",FCFS,0.6896551724137931,1,0,132,132,132,132,132,132
independent,116,standalone,sequential,179,"[66, 65, 64, 63, 62, 61, 60, 59, 58, 57, 56, 55, 54, 53, 52, 51, 50, 49, 48, 47, 46, 45, 44, 43]",FCFS,0.4909090909090909,1,0,136,136,136,136,136,136
independent,117,standalone,sequential,79,"[76, 73, 70, 67, 64, 61, 58, 55, 52, 49, 46, 43, 40, 37, 34, 31, 28, 25, 22, 19, 16, 13, 10, 7]",FCFS,0.4909090909090909,1,0,72,72,72,72,72,72
independent,118,standalone,sequential,17,"[32, 33, 34, 35, 36, 37, 38, 39, 40, 41, 42, 43, 44, 45, 46, 47, 48, 49, 50, 51, 52, 53, 54, 55]",FCFS,0.4909090909090909,1,0,38,38,38,38,72,383
independent,119,standalone,sequential,143,"[190, 189, 188, 187, 186, 185, 184, 183, 182, 181, 180, 179, 178, 177, 176, 175, 174, 173, 172, 171, 170, 169, 168, 167]",FCFS,0.5046728971962616,0,23,70,47,70,47,333,374
independent,120,standalone,sequential,23,"[196, 194, 192, 190, 188, 186, 184, 182, 180, 178, 176, 174, 172, 170, 168, 166, 164, 162, 160, 158, 156, 154, 152, 150]",FCFS,0.5046728971962616,0,46,219,173,219,173,219,271
independent,121,standalone,sequential,66,"[24, 21, 18, 15, 12, 9, 6, 3, 0, 0, 0, 0, 0, 0, 0, 0, 0, 0, 0, 0, 0, 0, 0, 0]",FCFS,1.0,1,0,66,66,66,66,66,66
independent,122,standalone,sequential,152,"[132, 129, 126, 123, 120, 117, 114, 111, 108, 105, 102, 99, 96, 93, 90, 87, 84, 81, 78, 75, 72, 69, 66, 63]",SSTF,0.7045454545454546,1,0,89,89,89,89,89,89
independent,123,standalone,sequential,143,"[90, 92, 94, 96, 98, 100, 102, 104, 106, 108, 110, 112, 114, 116, 118, 120, 122, 124, 126, 128, 130, 132, 134, 136]",SSTF,0.7045454545454546,1,0,53,53,99,53,53,53
independent,124,standalone,sequential,29,"[187, 186, 185, 184, 183, 182, 181, 180, 179, 178, 177, 176, 175, 174, 173, 172, 171, 170, 169, 168, 167, 166, 165, 164]",FCFS,0.5046728971962616,0,23,181,158,181,158,216,263
independent,125,standalone,sequential,41,"[89, 92, 95, 98, 101, 104, 107, 110, 113, 116, 119, 122, 125, 128, 131, 134, 137, 140, 143, 146, 149, 152, 155, 158]",FCFS,0.5046728971962616,1,0,117,117,117,117,199,350
independent,126,standalone,sequential,48,"[14, 12, 10, 8, 6, 4, 2, 0, 0, 0, 0, 0, 0, 0, 0, 0, 0, 0, 0, 0, 0, 0, 0, 0]",FCFS,1.0,1,0,48,48,48,48,48,48
independent,127,standalone,sequential,83,"[41, 42, 43, 44, 45, 46, 47, 48, 49, 50, 51, 52, 53, 54, 55, 56, 57, 58, 59, 60, 61, 62, 63, 64]",FCFS,0.4909090909090909,0,23,65,42,65,42,42,42
independent,128,standalone,sequential,87,"[120, 123, 126, 129, 132, 135, 138, 141, 144, 147, 150, 153, 156, 159, 162, 165, 168, 171, 174, 177, 180, 183, 186, 189]",FCFS,0.5046728971962616,1,0,102,102,102,102,276,365
independent,129,standalone,sequential,33,"[105, 106, 107, 108, 109, 110, 111, 112, 113, 114, 115, 116, 117, 118, 119, 120, 121, 122, 123, 124, 125, 126, 127, 128]",FCFS,0.5046728971962616,1,0,95,95,95,95,161,326
independent,130,standalone,sequential,101,"[173, 176, 179, 182, 185, 188, 191, 194, 197, 199, 199, 199, 199, 199, 199, 199, 199, 199, 199, 199, 199, 199, 199, 199]",FCFS,1.0,1,0,98,98,98,98,300,326
independent,131,standalone,sequential,117,"[101, 100, 99, 98, 97, 96, 95, 94, 93, 92, 91, 90, 89, 88, 87, 86, 85, 84, 83, 82, 81, 80, 79, 78]",SSTF,0.7045454545454546,1,0,39,39,39,39,39,39
independent,132,standalone,sequential,34,"[38, 35, 32, 29, 26, 23, 20, 17, 14, 11, 8, 5, 2, 0, 0, 0, 0, 0, 0, 0, 0, 0, 0, 0]",FCFS,0.85,1,0,42,42,42,42,72,397
independent,133,standalone,sequential,18,"[27, 30, 33, 36, 39, 42, 45, 48, 51, 54, 57, 60, 63, 66, 69, 72, 75, 78, 81, 84, 87, 90, 93, 96]",FCFS,0.6896551724137931,1,0,78,78,78,78,114,389
independent,134,standalone,sequential,97,"[55, 56, 57, 58, 59, 60, 61, 62, 63, 64, 65, 66, 67, 68, 69, 70, 71, 72, 73, 74, 75, 76, 77, 78]",FCFS,0.6896551724137931,0,23,65,42,65,42,42,42
independent,135,standalone,sequential,151,"[175, 173, 171, 169, 167, 165, 163, 161, 159, 157, 155, 153, 151, 149, 147, 145, 143, 141, 139, 137, 135, 133, 131, 129]",FCFS,1.0,1,0,70,70,70,70,326,396
independent,136,standalone,sequential,116,"[59, 56, 53, 50, 47, 44, 41, 38, 35, 32, 29, 26, 23, 20, 17, 14, 11, 8, 5, 2, 0, 0, 0, 0]",FCFS,1.0,1,0,116,116,116,116,116,116
independent,137,standalone,sequential,197,"[48, 51, 54, 57, 60, 63, 66, 69, 72, 75, 78, 81, 84, 87, 90, 93, 96, 99, 102, 105, 108, 111, 114, 117]",FCFS,0.6896551724137931,0,69,218,149,218,149,149,149
independent,138,standalone,sequential,115,"[169, 166, 163, 160, 157, 154, 151, 148, 145, 142, 139, 136, 133, 130, 127, 124, 121, 118, 115, 112, 109, 106, 103, 100]",FCFS,0.5046728971962616,1,0,123,123,123,123,284,395
independent,139,standalone,sequential,194,"[61, 63, 65, 67, 69, 71, 73, 75, 77, 79, 81, 83, 85, 87, 89, 91, 93, 95, 97, 99, 101, 103, 105, 107]",SSTF,0.7045454545454546,1,0,133,133,179,133,133,133
independent,140,standalone,sequential,109,"[168, 170, 172, 174, 176, 178, 180, 182, 184, 186, 188, 190, 192, 194, 196, 198, 199, 199, 199, 199, 199, 199, 199, 199]",FCFS,1.0,1,0,90,90,90,90,308,339
independent,141,standalone,sequential,132,"[147, 146, 145, 144, 143, 142, 141, 140, 139, 138, 137, 136, 135, 134, 133, 132, 131, 130, 129, 128, 127, 126, 125, 124]",FCFS,0.8064516129032258,1,0,38,38,38,38,279,397
independent,142,standalone,sequential,27,"[155, 157, 159, 161, 163, 165, 167, 169, 171, 173, 175, 177, 179, 181, 183, 185, 187, 189, 191, 193, 195, 197, 199, 199]",FCFS,1.0,1,0,172,172,172,172,226,270
independent,143,standalone,sequential,24,"[109, 106, 103, 100, 97, 94, 91, 88, 85, 82, 79, 76, 73, 70, 67, 64, 61, 58, 55, 52, 49, 46, 43, 40]",FCFS,0.6896551724137931,0,69,154,85,154,85,133,382
independent,144,standalone,sequential,75,"[76, 73, 70, 67, 64, 61, 58, 55, 52, 49, 46, 43, 40, 37, 34, 31, 28, 25, 22, 19, 16, 13, 10, 7]",FCFS,0.4909090909090909,1,0,70,70,70,70,151,397
independent,145,standalone,sequential,64,"[146, 144, 142, 140, 138, 136, 134, 132, 130, 128, 126, 124, 122, 120, 118, 116, 114, 112, 110, 108, 106, 104, 102, 100]",FCFS,0.5046728971962616,0,46,128,82,128,82,210,362
independent,146,standalone,sequential,20,"[181, 179, 177, 175, 173, 171, 169, 167, 165, 163, 161, 159, 157, 155, 153, 151, 149, 147, 145, 143, 141, 139, 137, 135]",FCFS,0.5046728971962616,0,46,207,161,207,161,201,283
independent,147,standalone,sequential,47,"[78, 79, 80, 81, 82, 83, 84, 85, 86, 87, 88, 89, 90, 91, 92, 93, 94, 95, 96, 97, 98, 99, 100, 101]",FCFS,0.5046728971962616,1,0,54,54,54,54,148,367
independent,148,standalone,sequential,45,"[81, 78, 75, 72, 69, 66, 63, 60, 57, 54, 51, 48, 45, 42, 39, 36, 33, 30, 27, 24, 21, 18, 15, 12]",FCFS,1.0,1,0,105,105,105,105,126,395
independent,149,standalone,sequential,190,"[165, 168, 171, 174, 177, 180, 183, 186, 189, 192, 195, 198, 199, 199, 199, 199, 199, 199, 199, 199, 199, 199, 199, 199]",FCFS,0.85,1,0,59,59,59,59,389,396
independent,0,standalone,random,54,"[140, 45, 103, 11, 197, 161, 139, 57, 164, 108, 60, 45, 78, 32, 159, 8, 152, 116, 107, 107, 85, 114, 161, 182]",SCAN,0.56875,0,4,251,247,1548,247,251,395
independent,1,standalone,random,96,"[166, 87, 116, 167, 100, 46, 191, 25, 106, 192, 121, 96, 89, 43, 49, 177, 72, 74, 189, 155, 136, 31, 4, 167]",SSTF,0.6351351351351351,1,0,284,284,1681,284,288,394
independent,2,standalone,random,112,"[116, 31, 30, 162, 139, 27, 186, 169, 167, 71, 158, 184, 84, 175, 90, 153, 26, 196, 31, 119, 105, 78, 122, 150]",SSTF,0.9215686274509803,1,0,254,254,1746,254,308,394
independent,3,standalone,random,60,"[84, 40, 112, 3, 168, 7, 170, 194, 134, 3, 123, 164, 177, 48, 56, 163, 123, 117, 144, 4, 44, 14, 110, 191]",SCAN,0.56875,0,6,254,248,1831,248,254,374
independent,4,standalone,random,122,"[134, 120, 40, 139, 2, 84, 57, 168, 18, 197, 104, 140, 111, 114, 47, 104, 191, 8, 174, 1, 75, 186, 16, 81]",SSTF,0.9215686274509803,1,0,317,317,2205,317,319,386
independent,5,standalone,random,172,"[163, 45, 106, 142, 161, 144, 80, 81, 14, 90, 4, 170, 173, 77, 40, 152, 93, 4, 145, 26, 55, 153, 151, 180]",SSTF,1.0,1,0,346,346,1534,346,352,397
independent,6,standalone,random,28,"[27, 144, 162, 186, 19, 119, 45, 171, 95, 65, 25, 147, 179, 168, 123, 137, 19, 178, 46, 142, 74, 118, 19, 120]",SCAN,0.56875,0,38,214,176,1814,176,214,381
independent,7,standalone,random,127,"[186, 2, 98, 73, 168, 64, 172, 3, 23, 166, 11, 186, 40, 7, 116, 21, 45, 158, 177, 183, 178, 75, 91, 135]",SSTF,0.9215686274509803,0,12,325,313,2046,325,313,390
independent,8,standalone,random,164,"[179, 101, 29, 188, 111, 197, 56, 59, 186, 185, 114, 36, 57, 195, 81, 103, 155, 108, 98, 41, 149, 79, 139, 107]",SSTF,1.0,1,0,303,303,1639,303,361,383
independent,9,standalone,random,46,"[0, 56, 152, 33, 128, 111, 107, 72, 132, 100, 72, 56, 26, 192, 163, 20, 112, 66, 160, 45, 114, 147, 42, 145]",SCAN,0.56875,1,0,238,238,1629,238,238,388
independent,10,standalone,random,4,"[143, 34, 170, 8, 11, 33, 87, 166, 37, 146, 116, 27, 181, 199, 172, 149, 51, 9, 33, 81, 180, 102, 143, 185]",SSTF,0.9705882352941176,1,0,195,195,1755,195,203,394
independent,11,standalone,random,116,"[0, 67, 178, 39, 37, 116, 111, 38, 126, 150, 42, 141, 7, 33, 10, 44, 174, 6, 113, 195, 159, 53, 118, 131]",SSTF,0.72,1,0,288,288,1835,288,311,396
independent,12,standalone,random,3,"[4, 84, 126, 15, 178, 179, 123, 55, 77, 63, 96, 112, 193, 94, 132, 66, 96, 127, 65, 45, 179, 124, 161, 62]",SSTF,0.9705882352941176,1,0,190,190,1359,190,196,397
independent,13,standalone,random,40,"[59, 91, 164, 33, 105, 45, 176, 151, 143, 75, 158, 27, 189, 85, 167, 68, 168, 6, 7, 171, 91, 186, 24, 56]",SCAN,0.56875,1,0,229,229,2076,332,229,393
independent,14,standalone,random,16,"[181, 46, 182, 78, 37, 16, 83, 66, 148, 91, 192, 20, 149, 144, 140, 129, 14, 63, 69, 167, 151, 24, 0, 190]",SCAN,0.56875,1,0,208,208,1872,372,208,394
independent,15,standalone,random,119,"[96, 2, 105, 64, 52, 171, 166, 50, 72, 182, 137, 118, 199, 37, 131, 173, 5, 90, 51, 141, 33, 160, 191, 160]",SSTF,0.9215686274509803,1,0,314,314,1767,314,318,386
independent,16,standalone,random,15,"[35, 150, 52, 113, 160, 136, 27, 21, 49, 132, 38, 160, 91, 145, 26, 198, 43, 170, 19, 162, 158, 132, 0, 1]",SCAN,0.56875,1,0,213,213,1960,381,213,394
independent,17,standalone,random,181,"[20, 101, 121, 15, 142, 21, 108, 21, 54, 62, 116, 44, 174, 159, 194, 86, 188, 45, 51, 35, 4, 71, 117, 80]",SSTF,0.9629629629629629,1,0,217,217,1693,217,375,391
independent,18,standalone,random,45,"[151, 145, 119, 70, 109, 28, 84, 112, 101, 23, 119, 124, 130, 194, 93, 154, 145, 113, 108, 187, 30, 142, 50, 155]",SCAN,0.56875,1,0,239,239,1404,320,239,393
independent,19,standalone,random,20,"[125, 62, 194, 101, 0, 17, 37, 171, 134, 7, 187, 114, 151, 67, 112, 9, 143, 48, 82, 62, 126, 70, 119, 172]",SCAN,0.56875,1,0,214,214,1856,214,214,381
independent,20,standalone,random,72,"[115, 199, 15, 187, 25, 148, 124, 3, 110, 70, 197, 116, 12, 151, 49, 33, 194, 152, 18, 138, 192, 193, 23, 110]",SCAN,0.56875,0,6,271,265,2398,265,271,360
independent,21,standalone,random,12,"[106, 16, 55, 103, 94, 165, 27, 36, 50, 39, 140, 177, 112, 31, 13, 169, 150, 157, 173, 107, 4, 21, 60, 160]",SSTF,0.9705882352941176,0,149,338,189,1348,338,189,397
independent,22,standalone,random,81,"[132, 147, 47, 70, 83, 58, 128, 49, 196, 113, 88, 70, 188, 2, 1, 9, 141, 94, 49, 53, 71, 44, 118, 1]",SSTF,0.6351351351351351,0,33,310,277,1426,310,277,396
independent,23,standalone,random,109,"[20, 144, 159, 4, 2, 77, 135, 83, 22, 46, 34, 190, 133, 63, 171, 175, 42, 170, 53, 154, 32, 191, 55, 2]",SSTF,0.72,1,0,271,271,2011,271,300,374
independent,24,standalone,random,25,"[118, 46, 54, 77, 89, 105, 62, 134, 136, 194, 134, 21, 58, 34, 55, 35, 157, 70, 108, 124, 79, 105, 61, 14]",SCAN,0.56875,0,28,219,191,1099,191,219,389
independent,25,standalone,random,65,"[113, 176, 149, 54, 33, 122, 150, 23, 46, 18, 39, 165, 174, 134, 120, 177, 137, 66, 36, 108, 147, 103, 16, 26]",SCAN,0.56875,0,30,242,212,1209,212,242,397
independent,26,standalone,random,93,"[91, 92, 95, 189, 45, 70, 106, 10, 160, 45, 104, 47, 59, 164, 20, 116, 160, 87, 83, 143, 56, 37, 95, 82]",SSTF,0.6351351351351351,1,0,270,270,1497,270,282,396
independent,27,standalone,random,188,"[190, 183, 33, 103, 90, 108, 23, 54, 189, 146, 139, 11, 198, 199, 156, 33, 138, 63, 16, 52, 25, 73, 192, 32]",SSTF,1.0,1,0,199,199,1660,199,387,397
independent,28,standalone,random,83,"[167, 57, 100, 191, 45, 26, 34, 193, 22, 144, 14, 167, 101, 179, 120, 5, 124, 114, 69, 129, 170, 9, 93, 122]",SCAN,0.56875,1,0,276,276,2103,298,276,388
independent,29,standalone,random,119,"[182, 134, 196, 116, 95, 154, 52, 39, 111, 179, 115, 32, 124, 97, 143, 26, 23, 73, 153, 39, 109, 181, 92, 69]",SSTF,0.9215686274509803,1,0,269,269,1518,269,315,393
independent,30,standalone,random,35,"[99, 87, 194, 72, 27, 72, 153, 127, 168, 180, 65, 199, 68, 140, 44, 16, 38, 28, 20, 29, 92, 130, 172, 164]",SCAN,0.56875,0,14,234,220,1331,220,234,395
independent,31,standalone,random,183,"[152, 75, 36, 153, 46, 13, 182, 73, 82, 98, 146, 115, 196, 91, 72, 50, 33, 117, 121, 39, 124, 101, 127, 71]",SSTF,1.0,1,0,198,198,1390,198,379,385
independent,32,standalone,random,186,"[21, 131, 39, 54, 190, 45, 160, 171, 149, 196, 85, 22, 80, 45, 105, 184, 112, 120, 11, 38, 108, 40, 176, 98]",SSTF,1.0,1,0,199,199,1832,199,382,394
independent,33,standalone,random,142,"[126, 55, 170, 110, 105, 9, 157, 81, 159, 73, 165, 190, 57, 54, 63, 74, 163, 27, 33, 198, 136, 5, 49, 148]",SSTF,0.9215686274509803,1,0,330,330,1756,330,340,392
independent,34,standalone,random,32,"[139, 122, 121, 8, 58, 21, 164, 150, 92, 35, 164, 149, 16, 55, 127, 25, 135, 92, 77, 24, 95, 170, 136, 164]",SCAN,0.56875,0,10,202,192,1516,192,202,395
independent,35,standalone,random,106,"[60, 72, 30, 158, 160, 196, 108, 6, 147, 11, 165, 137, 21, 130, 75, 39, 79, 97, 139, 130, 181, 100, 52, 29]",SSTF,0.9215686274509803,1,0,294,294,1543,294,302,396
independent,36,standalone,random,106,"[196, 162, 168, 166, 16, 42, 48, 58, 144, 146, 153, 181, 19, 5, 38, 39, 81, 118, 123, 8, 83, 104, 15, 54]",SSTF,0.72,1,0,285,285,1080,285,302,386
independent,37,standalone,random,9,"[196, 11, 179, 10, 163, 108, 104, 162, 163, 70, 6, 133, 85, 184, 6, 164, 126, 198, 135, 102, 171, 62, 124, 142]",SSTF,0.9705882352941176,1,0,199,199,2211,199,207,397
independent,38,standalone,random,181,"[118, 151, 115, 57, 108, 55, 101, 173, 24, 24, 11, 196, 34, 14, 19, 196, 66, 81, 72, 8, 181, 85, 119, 129]",SSTF,0.9629629629629629,1,0,361,361,1654,361,377,383
independent,39,standalone,random,26,"[112, 108, 72, 62, 76, 120, 25, 138, 156, 9, 10, 22, 197, 32, 128, 91, 51, 126, 92, 198, 153, 172, 103, 119]",SCAN,0.56875,1,0,224,224,1457,369,224,392
independent,40,standalone,random,186,"[178, 22, 21, 97, 155, 81, 28, 179, 163, 3, 104, 5, 182, 44, 131, 177, 111, 91, 153, 40, 59, 44, 52, 66]",SSTF,0.9629629629629629,1,0,183,183,1718,183,183,183
independent,41,standalone,random,147,"[41, 97, 59, 15, 197, 111, 63, 0, 199, 112, 30, 50, 88, 71, 164, 97, 62, 3, 152, 72, 162, 52, 43, 140]",SSTF,0.72,0,34,380,346,1855,380,346,393
independent,42,standalone,random,82,"[112, 149, 99, 61, 180, 46, 119, 168, 167, 118, 150, 81, 128, 80, 98, 44, 131, 145, 74, 15, 187, 99, 197, 128]",SCAN,0.56875,0,30,279,249,1506,249,279,382
independent,43,standalone,random,152,"[119, 50, 190, 23, 142, 104, 145, 174, 74, 184, 187, 136, 138, 174, 197, 151, 112, 57, 114, 17, 16, 187, 62, 19]",SSTF,0.9215686274509803,1,0,317,317,1595,317,349,376
independent,44,standalone,random,64,"[47, 18, 191, 20, 123, 134, 26, 61, 110, 75, 183, 88, 163, 21, 10, 21, 192, 71, 119, 36, 17, 173, 182, 44]",SSTF,0.6351351351351351,0,60,316,256,1918,316,256,391
independent,45,standalone,random,190,"[186, 54, 143, 119, 72, 142, 136, 64, 128, 187, 194, 46, 143, 19, 13, 79, 87, 26, 155, 98, 50, 55, 33, 20]",SSTF,0.9629629629629629,1,0,193,193,1358,193,384,394
independent,46,standalone,random,135,"[130, 8, 22, 82, 88, 151, 144, 88, 159, 150, 68, 93, 40, 109, 8, 101, 100, 84, 112, 91, 33, 100, 8, 4]",SSTF,1.0,1,0,189,189,1123,189,294,389
independent,47,standalone,random,173,"[25, 181, 9, 116, 189, 11, 146, 107, 9, 77, 55, 159, 45, 32, 26, 66, 107, 47, 112, 168, 1, 138, 173, 83]",SSTF,0.9629629629629629,1,0,360,360,2124,360,362,390
independent,48,standalone,random,193,"[54, 125, 42, 65, 193, 175, 26, 95, 31, 88, 34, 169, 1, 101, 122, 39, 92, 46, 76, 127, 178, 113, 6, 106]",SSTF,0.9629629629629629,1,0,192,192,1865,192,192,192
independent,49,standalone,random,90,"[119, 41, 111, 174, 31, 168, 92, 9, 113, 140, 110, 30, 166, 76, 116, 40, 29, 57, 113, 74, 179, 158, 67, 78]",SSTF,0.6351351351351351,1,0,255,255,1624,255,269,396
independent,50,standalone,random,8,"[190, 25, 66, 134, 116, 83, 155, 138, 23, 167, 147, 165, 122, 172, 154, 140, 109, 84, 119, 121, 122, 62, 32, 182]",SSTF,0.9705882352941176,1,0,182,182,1352,182,198,383
independent,51,standalone,random,112,"[167, 63, 189, 102, 194, 163, 146, 38, 122, 69, 169, 158, 195, 94, 49, 105, 16, 141, 183, 148, 102, 59, 27, 2]",SSTF,0.9215686274509803,1,0,303,303,1544,303,307,388
independent,52,standalone,random,190,"[167, 146, 167, 182, 13, 194, 50, 83, 169, 79, 87, 158, 156, 137, 183, 78, 14, 119, 8, 124, 7, 104, 4, 194]",SSTF,1.0,1,0,194,194,1934,194,384,394
independent,53,standalone,random,35,"[83, 93, 136, 40, 45, 194, 103, 23, 168, 48, 14, 69, 3, 36, 177, 6, 189, 167, 151, 156, 44, 134, 51, 174]",SCAN,0.56875,1,0,229,229,1921,350,229,397
independent,54,standalone,random,100,"[44, 18, 109, 79, 193, 52, 126, 124, 36, 188, 75, 171, 144, 37, 166, 141, 89, 106, 179, 49, 43, 97, 49, 172]",SSTF,0.9215686274509803,1,0,257,257,1774,257,293,392
independent,55,standalone,random,93,"[56, 15, 192, 163, 9, 117, 170, 88, 51, 162, 162, 23, 9, 48, 22, 149, 100, 161, 177, 51, 164, 135, 36, 166]",SSTF,0.6351351351351351,0,7,292,285,1797,292,285,391
independent,56,standalone,random,198,"[50, 38, 28, 36, 29, 165, 186, 113, 86, 115, 46, 38, 19, 165, 73, 140, 62, 141, 106, 198, 126, 92, 80, 31]",SSTF,0.9629629629629629,1,0,179,179,1323,179,179,179
independent,57,standalone,random,195,"[60, 162, 167, 125, 4, 67, 104, 18, 163, 68, 156, 77, 97, 92, 52, 149, 145, 187, 108, 152, 20, 168, 158, 137]",SSTF,1.0,1,0,191,191,1640,191,191,191
independent,58,standalone,random,144,"[81, 76, 153, 127, 114, 99, 162, 48, 190, 160, 187, 140, 132, 155, 97, 70, 102, 86, 129, 113, 192, 154, 104, 133]",SSTF,1.0,1,0,240,240,1041,240,336,389
independent,59,standalone,random,45,"[89, 26, 178, 107, 195, 53, 172, 15, 181, 199, 61, 78, 39, 75, 165, 168, 57, 93, 191, 19, 163, 197, 105, 69]",SCAN,0.56875,0,30,244,214,2066,214,244,390
independent,60,standalone,random,179,"[31, 191, 64, 181, 12, 38, 143, 191, 20, 78, 16, 51, 184, 59, 107, 118, 43, 151, 125, 88, 76, 141, 187, 175]",SSTF,1.0,1,0,191,191,1924,191,370,396
independent,61,standalone,random,122,"[19, 76, 111, 158, 60, 153, 58, 199, 147, 113, 182, 151, 157, 199, 96, 138, 1, 55, 42, 122, 38, 161, 173, 29]",SSTF,0.9215686274509803,1,0,319,319,1695,319,321,382
independent,62,standalone,random,46,"[88, 104, 178, 157, 37, 7, 145, 154, 136, 47, 194, 109, 189, 7, 188, 42, 81, 38, 50, 104, 31, 6, 39, 141]",SCAN,0.56875,0,4,240,236,1759,236,240,397
independent,63,standalone,random,2,"[31, 142, 177, 127, 47, 59, 198, 139, 44, 132, 110, 186, 141, 15, 153, 91, 153, 187, 53, 199, 82, 86, 40, 105]",SSTF,0.9705882352941176,1,0,197,197,1775,197,201,385
independent,64,standalone,random,22,"[170, 197, 172, 82, 101, 4, 135, 166, 121, 132, 77, 81, 158, 57, 52, 155, 83, 136, 111, 95, 114, 170, 82, 58]",SCAN,0.56875,0,8,219,211,1322,211,219,368
independent,65,standalone,random,29,"[14, 54, 150, 90, 60, 25, 72, 142, 14, 191, 106, 84, 171, 132, 177, 171, 118, 31, 25, 113, 137, 11, 20, 17]",SCAN,0.56875,0,18,220,202,1378,202,220,396
independent,66,standalone,random,113,"[134, 169, 48, 196, 126, 199, 198, 29, 58, 174, 126, 110, 175, 192, 154, 6, 20, 38, 176, 121, 27, 127, 114, 12]",SSTF,0.9215686274509803,1,0,287,287,1649,287,312,397
independent,67,standalone,random,5,"[163, 105, 150, 126, 1, 137, 85, 21, 27, 55, 24, 140, 52, 35, 59, 51, 190, 21, 53, 58, 184, 113, 29, 121]",SSTF,0.9705882352941176,1,0,193,193,1698,193,195,382
independent,68,standalone,random,126,"[157, 143, 108, 18, 124, 6, 79, 182, 189, 20, 117, 77, 119, 98, 6, 164, 65, 90, 132, 168, 137, 71, 133, 129]",SSTF,0.9215686274509803,1,0,303,303,1561,303,315,395
independent,69,standalone,random,195,"[153, 45, 55, 149, 43, 51, 134, 7, 59, 38, 49, 156, 25, 8, 18, 61, 90, 81, 146, 148, 146, 134, 62, 197]",SSTF,0.9629629629629629,1,0,192,192,1296,192,392,396
independent,70,standalone,random,155,"[82, 107, 103, 120, 119, 121, 181, 44, 68, 166, 176, 87, 21, 182, 133, 86, 181, 61, 143, 30, 25, 72, 85, 100]",SSTF,1.0,1,0,188,188,1353,188,337,387
independent,71,standalone,random,125,"[58, 46, 88, 184, 24, 191, 118, 101, 171, 162, 136, 41, 10, 47, 3, 188, 2, 101, 198, 119, 129, 125, 80, 36]",SSTF,0.9215686274509803,0,18,341,323,1695,341,323,394
independent,72,standalone,random,120,"[191, 56, 162, 42, 107, 28, 114, 4, 75, 96, 179, 20, 74, 163, 58, 185, 41, 21, 67, 101, 19, 64, 141, 176]",SSTF,0.72,1,0,303,303,1964,303,311,377
independent,73,standalone,random,175,"[44, 141, 154, 198, 81, 88, 147, 136, 51, 44, 114, 115, 109, 166, 187, 3, 150, 141, 53, 129, 173, 82, 44, 156]",SSTF,1.0,1,0,367,367,1515,367,373,386
independent,74,standalone,random,147,"[2, 9, 130, 83, 133, 175, 125, 156, 4, 24, 0, 100, 47, 64, 131, 80, 59, 84, 53, 7, 112, 163, 134, 195]",SSTF,0.72,1,0,243,243,1346,243,342,389
independent,75,standalone,random,157,"[66, 70, 123, 103, 41, 80, 151, 104, 109, 54, 180, 89, 46, 33, 185, 66, 126, 100, 111, 95, 23, 143, 52, 68]",SSTF,1.0,1,0,296,296,1403,296,342,375
independent,76,standalone,random,79,"[135, 19, 48, 102, 140, 178, 161, 180, 49, 138, 0, 106, 28, 166, 134, 180, 144, 193, 70, 103, 12, 61, 152, 78]",SCAN,0.56875,1,0,272,272,1671,272,272,375
independent,77,standalone,random,157,"[45, 189, 172, 169, 50, 73, 76, 89, 102, 95, 173, 147, 59, 166, 81, 11, 168, 143, 8, 137, 32, 189, 59, 29]",SSTF,1.0,1,0,213,213,1776,213,346,389
independent,78,standalone,random,148,"[123, 15, 191, 184, 160, 174, 58, 143, 139, 182, 72, 177, 167, 174, 51, 131, 143, 75, 120, 15, 166, 16, 48, 131]",SSTF,0.9215686274509803,1,0,275,275,1683,275,339,386
independent,79,standalone,random,119,"[55, 76, 173, 86, 155, 7, 47, 137, 60, 88, 14, 156, 83, 43, 58, 115, 184, 116, 29, 183, 14, 20, 43, 33]",SSTF,0.72,1,0,250,250,1708,250,303,380
independent,80,standalone,random,5,"[166, 0, 92, 97, 188, 199, 49, 91, 106, 177, 193, 99, 63, 129, 135, 63, 199, 51, 109, 153, 68, 109, 28, 171]",SSTF,0.9705882352941176,1,0,204,204,1830,204,204,375
independent,81,standalone,random,31,"[111, 197, 179, 176, 182, 199, 80, 79, 48, 150, 15, 101, 8, 131, 68, 129, 5, 82, 85, 48, 32, 171, 24, 155]",SCAN,0.56875,0,8,230,222,1698,222,230,397
independent,82,standalone,random,182,"[37, 66, 80, 71, 63, 186, 185, 118, 95, 71, 139, 12, 172, 19, 183, 53, 173, 71, 78, 69, 68, 88, 86, 146]",SSTF,1.0,1,0,178,178,1566,178,368,397
independent,83,standalone,random,90,"[111, 78, 73, 181, 111, 150, 187, 176, 22, 192, 0, 45, 157, 134, 124, 89, 63, 43, 184, 183, 131, 162, 41, 18]",SSTF,0.6351351351351351,1,0,282,282,1480,282,282,377
independent,84,standalone,random,31,"[2, 180, 28, 120, 121, 140, 133, 139, 78, 19, 156, 37, 169, 111, 18, 2, 29, 99, 121, 71, 28, 92, 41, 20]",SCAN,0.56875,0,4,211,207,1507,207,211,392
independent,85,standalone,random,1,"[59, 45, 123, 183, 84, 3, 192, 16, 197, 85, 55, 160, 146, 69, 6, 119, 129, 96, 130, 116, 57, 77, 82, 89]",SSTF,0.9705882352941176,1,0,196,196,1632,196,198,396
independent,86,standalone,random,174,"[173, 98, 40, 19, 25, 167, 35, 46, 135, 89, 138, 97, 6, 5, 110, 67, 32, 188, 26, 25, 188, 153, 24, 19]",SSTF,0.9629629629629629,1,0,352,352,1597,352,362,384
independent,87,standalone,random,197,"[128, 94, 163, 70, 163, 47, 175, 133, 55, 177, 116, 56, 16, 22, 190, 111, 136, 191, 183, 55, 87, 79, 11, 98]",SSTF,1.0,1,0,186,186,1669,186,186,186
independent,88,standalone,random,115,"[141, 59, 47, 74, 141, 2, 46, 49, 43, 26, 9, 51, 42, 109, 76, 120, 42, 144, 118, 134, 8, 151, 158, 39]",SSTF,1.0,1,0,221,221,1252,221,273,395
independent,89,standalone,random,62,"[51, 180, 126, 4, 165, 37, 162, 76, 159, 136, 133, 35, 100, 17, 73, 45, 133, 17, 107, 199, 95, 47, 75, 51]",SCAN,0.56875,0,8,261,253,1845,253,261,387
independent,90,standalone,random,69,"[0, 156, 60, 9, 123, 138, 103, 20, 33, 47, 87, 83, 30, 66, 41, 84, 123, 40, 111, 66, 29, 116, 189, 182]",SSTF,0.6351351351351351,1,0,258,258,1289,258,258,384
independent,91,standalone,random,154,"[57, 121, 166, 198, 68, 172, 158, 190, 156, 97, 16, 81, 182, 39, 115, 140, 187, 147, 159, 166, 128, 197, 115, 18]",SSTF,1.0,1,0,226,226,1494,226,352,396
independent,92,standalone,random,58,"[114, 100, 190, 160, 79, 12, 154, 169, 88, 176, 36, 7, 84, 177, 143, 114, 13, 199, 96, 65, 95, 72, 195, 18]",SCAN,0.56875,1,0,257,257,1840,333,257,391
independent,93,standalone,random,10,"[68, 13, 17, 150, 7, 119, 4, 151, 178, 52, 124, 23, 163, 167, 95, 104, 105, 89, 198, 122, 13, 106, 43, 58]",SSTF,0.9705882352941176,0,18,226,208,1800,226,208,395
independent,94,standalone,random,129,"[15, 186, 128, 8, 165, 30, 4, 90, 47, 67, 35, 134, 116, 98, 138, 3, 96, 120, 97, 197, 173, 57, 59, 22]",SSTF,0.72,0,14,340,326,1691,340,326,393
independent,95,standalone,random,153,"[68, 27, 177, 87, 90, 64, 39, 75, 39, 157, 159, 181, 76, 1, 183, 93, 112, 1, 16, 33, 35, 78, 115, 67]",SSTF,0.72,1,0,212,212,1378,212,336,394
independent,96,standalone,random,140,"[136, 48, 114, 44, 2, 181, 183, 3, 53, 6, 16, 193, 127, 68, 103, 51, 190, 109, 53, 175, 56, 143, 68, 112]",SSTF,0.72,0,2,335,333,1850,335,333,395
independent,97,standalone,random,88,"[168, 112, 13, 76, 176, 99, 163, 182, 180, 105, 54, 37, 32, 171, 194, 173, 130, 194, 91, 163, 75, 79, 155, 178]",SCAN,0.56875,1,0,282,282,1364,287,282,395
independent,98,standalone,random,35,"[114, 63, 70, 89, 67, 124, 42, 180, 135, 182, 114, 148, 146, 6, 117, 120, 194, 10, 3, 34, 198, 7, 140, 191]",SCAN,0.56875,1,0,233,233,1740,360,233,391
independent,99,standalone,random,19,"[178, 119, 21, 49, 3, 173, 156, 194, 194, 19, 109, 79, 103, 108, 105, 72, 2, 185, 144, 172, 166, 141, 32, 43]",SCAN,0.56875,1,0,213,213,1448,367,213,396
independent,100,standalone,random,136,"[107, 111, 79, 164, 179, 52, 158, 11, 98, 71, 70, 89, 107, 22, 120, 27, 116, 69, 2, 179, 158, 143, 2, 63]",SSTF,0.72,1,0,220,220,1591,220,315,391
independent,101,standalone,random,126,"[15, 182, 151, 183, 121, 65, 174, 9, 69, 184, 69, 26, 92, 139, 189, 86, 114, 83, 133, 129, 92, 151, 193, 183]",SSTF,0.9215686274509803,1,0,251,251,1593,251,319,395
independent,102,standalone,random,16,"[106, 94, 115, 118, 39, 29, 34, 8, 89, 115, 43, 146, 1, 82, 93, 0, 152, 127, 21, 27, 188, 155, 50, 87]",SCAN,0.56875,1,0,204,204,1483,360,204,393
independent,103,standalone,random,73,"[182, 36, 190, 171, 122, 198, 74, 14, 103, 134, 85, 59, 27, 86, 186, 72, 33, 189, 11, 172, 52, 60, 110, 133]",SCAN,0.56875,0,20,271,251,1972,251,271,397
independent,104,standalone,random,179,"[177, 77, 1, 155, 93, 41, 51, 105, 42, 22, 126, 142, 121, 146, 34, 177, 174, 118, 32, 170, 143, 195, 162, 124]",SSTF,1.0,1,0,372,372,1447,372,374,382
independent,105,standalone,random,120,"[124, 144, 4, 10, 129, 166, 138, 18, 166, 50, 119, 191, 177, 162, 178, 1, 151, 147, 36, 109, 180, 195, 175, 155]",SSTF,0.9215686274509803,1,0,271,271,1565,271,315,394
independent,106,standalone,random,61,"[95, 148, 128, 126, 151, 12, 132, 16, 34, 108, 27, 103, 64, 117, 106, 33, 129, 86, 39, 41, 38, 56, 53, 121]",SSTF,0.6351351351351351,1,0,194,194,1214,194,212,395
independent,107,standalone,random,131,"[110, 183, 183, 135, 100, 113, 42, 144, 154, 163, 192, 63, 0, 175, 66, 89, 170, 157, 57, 193, 134, 34, 132, 151]",SSTF,0.9215686274509803,1,0,255,255,1516,255,324,397
independent,108,standalone,random,159,"[146, 181, 0, 117, 196, 100, 40, 115, 100, 14, 161, 3, 106, 14, 188, 87, 77, 86, 158, 113, 12, 55, 126, 154]",SSTF,1.0,0,6,361,355,1911,361,355,396
independent,109,standalone,random,9,"[0, 150, 56, 174, 167, 5, 47, 67, 196, 83, 75, 132, 54, 194, 11, 119, 89, 17, 149, 76, 24, 196, 172, 165]",SSTF,0.9705882352941176,0,4,209,205,1980,209,205,396
independent,110,standalone,random,57,"[174, 24, 184, 7, 192, 40, 110, 54, 91, 43, 66, 55, 48, 131, 49, 82, 166, 24, 31, 182, 107, 15, 82, 66]",SSTF,0.6351351351351351,1,0,235,235,2025,235,249,389
independent,111,standalone,random,144,"[24, 35, 150, 8, 175, 39, 62, 50, 196, 76, 76, 133, 187, 143, 187, 26, 158, 13, 135, 190, 154, 17, 197, 44]",SSTF,0.9215686274509803,1,0,244,244,2312,244,341,392
independent,112,standalone,random,26,"[172, 51, 118, 53, 136, 78, 116, 43, 58, 163, 142, 112, 158, 83, 131, 146, 163, 195, 169, 103, 180, 134, 58, 52]",SCAN,0.56875,0,52,221,169,1352,169,221,381
independent,113,standalone,random,163,"[137, 165, 116, 52, 91, 10, 180, 103, 139, 75, 102, 199, 145, 104, 155, 79, 120, 32, 9, 97, 191, 1, 172, 117]",SSTF,1.0,1,0,234,234,1730,234,362,396
independent,114,standalone,random,141,"[67, 59, 122, 35, 39, 13, 9, 110, 83, 162, 187, 134, 194, 190, 26, 52, 82, 64, 186, 49, 11, 111, 109, 143]",SSTF,0.72,1,0,321,321,1286,321,335,396
independent,115,standalone,random,52,"[53, 79, 162, 135, 0, 38, 84, 68, 166, 92, 91, 29, 21, 46, 145, 183, 179, 53, 198, 171, 52, 167, 60, 141]",SCAN,0.56875,1,0,250,250,1501,252,250,397
independent,116,standalone,random,184,"[55, 8, 126, 21, 20, 124, 105, 73, 182, 96, 31, 168, 87, 34, 18, 146, 184, 105, 22, 176, 128, 135, 88, 25]",SSTF,0.9629629629629629,1,0,176,176,1749,176,176,176
independent,117,standalone,random,25,"[11, 50, 198, 188, 165, 98, 133, 86, 28, 43, 47, 42, 157, 46, 149, 164, 82, 190, 90, 162, 54, 152, 144, 39]",SCAN,0.56875,1,0,223,223,1490,360,223,395
independent,118,standalone,random,4,"[173, 47, 101, 188, 140, 71, 35, 68, 126, 51, 21, 72, 69, 51, 128, 176, 187, 181, 147, 120, 24, 179, 57, 96]",SSTF,0.9705882352941176,1,0,184,184,1472,184,192,381
independent,119,standalone,random,169,"[153, 72, 106, 123, 40, 89, 32, 52, 199, 37, 132, 56, 1, 38, 158, 159, 180, 120, 110, 36, 158, 19, 83, 115]",SSTF,0.9629629629629629,1,0,366,366,1572,366,368,387
independent,120,standalone,random,88,"[124, 65, 93, 13, 87, 193, 169, 103, 198, 128, 120, 8, 5, 4, 167, 31, 96, 143, 89, 59, 92, 173, 81, 2]",SSTF,0.6351351351351351,0,22,308,286,1542,308,286,397
independent,121,standalone,random,126,"[11, 50, 41, 90, 80, 157, 36, 112, 172, 66, 145, 163, 162, 170, 150, 94, 26, 111, 17, 124, 139, 87, 47, 21]",SSTF,0.9215686274509803,1,0,276,276,1331,276,298,385
independent,122,standalone,random,72,"[119, 41, 96, 58, 48, 195, 54, 120, 174, 84, 121, 81, 74, 162, 151, 25, 9, 8, 185, 81, 184, 93, 50, 28]",SCAN,0.56875,1,0,267,267,1592,310,267,396
independent,123,standalone,random,149,"[2, 2, 17, 25, 83, 39, 151, 73, 72, 157, 92, 90, 176, 160, 141, 50, 40, 67, 151, 103, 176, 27, 127, 41]",SSTF,0.72,1,0,201,201,1404,201,325,396
independent,124,standalone,random,176,"[28, 102, 118, 168, 70, 148, 17, 74, 38, 116, 111, 35, 44, 7, 28, 2, 194, 181, 174, 199, 49, 120, 17, 172]",SSTF,0.9629629629629629,1,0,236,236,1656,236,375,393
independent,125,standalone,random,189,"[134, 74, 37, 56, 167, 53, 188, 64, 150, 160, 30, 91, 185, 147, 86, 124, 173, 58, 131, 69, 193, 11, 65, 21]",SSTF,1.0,1,0,194,194,1876,194,382,394
independent,126,standalone,random,78,"[26, 91, 21, 38, 161, 130, 56, 73, 185, 36, 100, 199, 146, 71, 28, 87, 99, 119, 112, 161, 26, 34, 137, 26]",SSTF,0.6351351351351351,1,0,235,235,1548,235,277,389
independent,127,standalone,random,33,"[9, 117, 190, 33, 96, 46, 28, 23, 17, 140, 98, 109, 43, 192, 13, 35, 29, 163, 114, 198, 125, 118, 168, 80]",SCAN,0.56875,0,14,231,217,1587,217,231,396
independent,128,standalone,random,147,"[33, 99, 134, 163, 61, 64, 187, 139, 124, 171, 130, 49, 89, 27, 177, 20, 35, 80, 69, 141, 119, 154, 141, 52]",SSTF,0.9215686274509803,1,0,294,294,1415,294,334,391
independent,129,standalone,random,113,"[10, 191, 6, 17, 193, 154, 108, 73, 79, 103, 34, 183, 46, 115, 5, 98, 117, 115, 143, 41, 151, 188, 102, 188]",SSTF,0.9215686274509803,1,0,304,304,1903,304,306,396
independent,130,standalone,random,50,"[194, 39, 144, 79, 154, 172, 98, 149, 133, 19, 64, 10, 192, 54, 9, 48, 74, 187, 118, 134, 97, 68, 148, 28]",SCAN,0.56875,1,0,244,244,1810,333,244,394
independent,131,standalone,random,120,"[194, 143, 185, 193, 195, 172, 76, 174, 83, 60, 174, 131, 1, 175, 102, 18, 0, 113, 41, 114, 169, 32, 87, 158]",SSTF,0.9215686274509803,1,0,315,315,1720,315,315,387
independent,132,standalone,random,5,"[114, 34, 87, 72, 92, 196, 97, 36, 166, 33, 28, 36, 146, 199, 197, 21, 56, 95, 121, 26, 51, 52, 128, 10]",SSTF,0.9705882352941176,1,0,194,194,1573,194,204,393
independent,133,standalone,random,117,"[31, 172, 109, 150, 179, 26, 14, 50, 29, 21, 103, 190, 91, 102, 24, 126, 133, 102, 97, 169, 117, 6, 176, 158]",SSTF,0.9215686274509803,0,2,309,307,1515,309,307,389
independent,134,standalone,random,32,"[104, 119, 150, 53, 89, 21, 40, 174, 99, 129, 172, 70, 137, 154, 62, 35, 163, 133, 73, 22, 24, 17, 141, 75]",SCAN,0.56875,1,0,206,206,1393,299,206,395
independent,135,standalone,random,101,"[22, 161, 69, 193, 188, 106, 106, 108, 142, 137, 49, 186, 38, 39, 49, 42, 124, 180, 133, 153, 120, 121, 32, 50]",SSTF,0.9215686274509803,1,0,263,263,1299,263,294,393
independent,136,standalone,random,48,"[120, 101, 151, 181, 132, 198, 193, 152, 32, 124, 95, 113, 42, 73, 37, 109, 70, 137, 45, 22, 64, 86, 103, 189]",SCAN,0.56875,0,44,246,202,1189,202,246,382
independent,137,standalone,random,170,"[7, 77, 136, 170, 105, 159, 132, 169, 62, 2, 59, 96, 183, 179, 28, 94, 33, 1, 146, 110, 119, 88, 82, 51]",SSTF,1.0,1,0,351,351,1429,351,353,389
independent,138,standalone,random,196,"[31, 103, 159, 78, 22, 127, 81, 155, 190, 160, 166, 109, 16, 67, 138, 194, 15, 154, 195, 40, 20, 113, 132, 159]",SSTF,1.0,1,0,181,181,1727,181,181,181
independent,139,standalone,random,143,"[9, 12, 171, 186, 17, 141, 135, 82, 157, 33, 55, 62, 147, 127, 47, 41, 134, 27, 194, 54, 176, 39, 78, 35]",SSTF,0.72,1,0,268,268,1930,268,337,394
independent,140,standalone,random,154,"[64, 59, 57, 180, 39, 147, 50, 133, 76, 2, 1, 116, 57, 88, 131, 10, 28, 193, 98, 15, 167, 104, 108, 133]",SSTF,0.9629629629629629,1,0,345,345,1755,345,347,385
independent,141,standalone,random,72,"[140, 81, 32, 102, 114, 17, 57, 16, 154, 84, 151, 176, 198, 0, 94, 31, 57, 162, 110, 161, 123, 81, 157, 93]",SCAN,0.56875,1,0,270,270,1567,324,270,389
independent,142,standalone,random,122,"[100, 97, 28, 160, 115, 147, 172, 121, 31, 166, 155, 39, 194, 114, 163, 117, 68, 90, 1, 67, 120, 31, 103, 192]",SSTF,0.9215686274509803,1,0,314,314,1590,314,316,373
independent,143,standalone,random,112,"[145, 96, 63, 3, 2, 181, 190, 18, 82, 85, 142, 16, 116, 118, 0, 116, 191, 164, 1, 19, 25, 38, 52, 129]",SSTF,0.72,1,0,270,270,1515,270,303,394
independent,144,standalone,random,122,"[80, 60, 70, 193, 1, 157, 12, 172, 23, 180, 119, 5, 67, 168, 73, 121, 192, 141, 144, 58, 85, 78, 142, 11]",SSTF,0.9215686274509803,1,0,269,269,2075,269,315,379
independent,145,standalone,random,19,"[96, 20, 174, 136, 49, 151, 198, 31, 62, 165, 117, 139, 94, 86, 66, 18, 14, 14, 98, 43, 87, 34, 92, 182]",SCAN,0.56875,0,26,217,191,1461,191,217,397
independent,146,standalone,random,9,"[148, 48, 187, 32, 171, 168, 5, 116, 88, 154, 88, 0, 173, 164, 131, 158, 51, 169, 117, 23, 78, 151, 171, 92]",SSTF,0.9705882352941176,1,0,196,196,2037,196,196,384
independent,147,standalone,random,189,"[10, 49, 199, 41, 101, 83, 45, 191, 135, 150, 83, 90, 149, 47, 193, 88, 16, 55, 184, 52, 67, 103, 122, 53]",SSTF,1.0,1,0,199,199,1856,199,388,396
independent,148,standalone,random,114,"[133, 66, 5, 194, 148, 114, 49, 169, 174, 32, 16, 163, 137, 197, 195, 120, 72, 105, 75, 43, 30, 63, 75, 128]",SSTF,0.9215686274509803,1,0,275,275,1328,275,311,392
independent,149,standalone,random,113,"[173, 155, 141, 13, 134, 22, 108, 7, 55, 112, 124, 36, 68, 96, 38, 133, 114, 42, 83, 168, 62, 133, 64, 140]",SSTF,1.0,1,0,276,276,1597,276,286,397
independent,0,standalone,bursty,69,"[86, 145, 163, 145, 146, 144, 159, 146, 149, 148, 145, 147, 134, 153, 149, 144, 144, 142, 147, 140, 164, 156, 143, 151]",SSTF,1.0,1,0,95,95,260,95,233,381
independent,1,standalone,bursty,42,"[172, 8, 26, 28, 18, 18, 16, 15, 25, 12, 19, 32, 27, 21, 22, 18, 25, 34, 22, 27, 37, 34, 22, 29]",SSTF,0.9193548387096774,1,0,198,198,451,198,214,268
independent,2,standalone,bursty,24,"[83, 78, 84, 83, 85, 72, 87, 81, 91, 126, 80, 76, 83, 86, 82, 79, 81, 89, 140, 91, 79, 87, 91, 80]",SSTF,1.0,1,0,116,116,364,116,164,350
independent,3,standalone,bursty,19,"[106, 99, 106, 141, 104, 108, 117, 116, 109, 108, 109, 104, 97, 105, 108, 108, 101, 111, 29, 102, 115, 90, 104, 99]",SSTF,1.0,1,0,122,122,448,122,160,388
independent,4,standalone,bursty,55,"[154, 150, 151, 150, 157, 156, 151, 147, 152, 157, 142, 151, 151, 152, 147, 149, 149, 151, 150, 154, 153, 150, 159, 159]",FCFS,1.0,0,80,184,104,184,104,214,311
independent,5,standalone,bursty,141,"[40, 48, 40, 42, 47, 41, 34, 30, 43, 31, 41, 46, 49, 37, 45, 48, 37, 36, 41, 195, 37, 46, 42, 43]",SSTF,1.0,1,0,219,219,550,219,336,344
independent,6,standalone,bursty,43,"[148, 138, 145, 25, 145, 142, 139, 151, 149, 140, 137, 148, 139, 145, 82, 140, 42, 140, 152, 140, 145, 111, 152, 145]",SCAN,0.56875,0,50,195,145,848,145,195,359
independent,7,standalone,bursty,22,"[70, 75, 61, 70, 55, 65, 68, 61, 32, 167, 73, 66, 62, 64, 70, 73, 68, 67, 61, 82, 163, 69, 64, 65]",SSTF,1.0,1,0,145,145,605,145,189,388
independent,8,standalone,bursty,96,"[2, 11, 13, 36, 10, 13, 11, 18, 16, 32, 21, 17, 14, 16, 13, 8, 25, 22, 14, 19, 27, 11, 15, 21]",SSTF,0.9193548387096774,1,0,94,94,279,94,94,94
independent,9,standalone,bursty,158,"[84, 154, 78, 84, 81, 84, 94, 87, 24, 83, 114, 76, 82, 83, 90, 97, 82, 82, 75, 84, 80, 82, 77, 82]",SSTF,1.0,1,0,134,134,508,134,134,134
independent,10,standalone,bursty,62,"[161, 162, 157, 75, 163, 75, 155, 170, 170, 154, 191, 169, 158, 162, 159, 174, 158, 164, 163, 44, 163, 173, 169, 167]",SCAN,0.56875,0,62,253,191,843,191,253,385
independent,11,standalone,bursty,100,"[135, 124, 118, 134, 121, 125, 128, 124, 124, 128, 184, 125, 122, 125, 126, 8, 153, 123, 130, 134, 135, 122, 139, 116]",SSTF,1.0,1,0,260,260,576,260,284,382
independent,12,standalone,bursty,130,"[36, 40, 46, 48, 141, 88, 44, 15, 44, 50, 37, 55, 151, 44, 52, 45, 43, 43, 36, 51, 57, 45, 38, 36]",SSTF,1.0,1,0,157,157,660,157,281,387
independent,13,standalone,bursty,190,"[62, 128, 130, 136, 129, 129, 124, 123, 127, 128, 121, 131, 124, 121, 136, 114, 125, 122, 124, 117, 74, 131, 125, 54]",SSTF,1.0,1,0,136,136,484,136,136,136
independent,14,standalone,bursty,40,"[172, 182, 181, 181, 54, 190, 180, 172, 86, 176, 187, 185, 184, 177, 177, 183, 176, 175, 183, 191, 181, 184, 173, 151]",SSTF,1.0,1,0,151,151,697,151,231,384
independent,15,standalone,bursty,9,"[20, 14, 27, 27, 15, 19, 18, 19, 27, 26, 22, 17, 12, 11, 14, 78, 23, 25, 16, 82, 7, 29, 18, 3]",SSTF,0.75,0,34,125,91,394,125,91,396
independent,16,standalone,bursty,128,"[176, 175, 181, 187, 176, 15, 178, 173, 178, 191, 176, 186, 183, 179, 172, 193, 187, 54, 179, 195, 181, 178, 76, 180]",SSTF,1.0,1,0,247,247,982,247,323,354
independent,17,standalone,bursty,148,"[107, 109, 119, 109, 98, 105, 109, 109, 122, 161, 105, 112, 106, 102, 96, 127, 106, 61, 107, 108, 108, 108, 103, 96]",SSTF,1.0,1,0,113,113,372,113,309,385
independent,18,standalone,bursty,149,"[147, 133, 133, 141, 57, 148, 19, 132, 136, 136, 59, 135, 129, 134, 61, 7, 135, 131, 141, 136, 127, 131, 22, 133]",SSTF,1.0,1,0,142,142,1116,142,142,142
independent,19,standalone,bursty,135,"[184, 178, 168, 188, 179, 179, 177, 179, 182, 177, 22, 186, 185, 176, 178, 180, 183, 178, 191, 168, 177, 176, 189, 180]",SSTF,1.0,1,0,225,225,515,225,326,365
independent,20,standalone,bursty,35,"[59, 66, 174, 73, 61, 56, 68, 60, 150, 65, 56, 65, 54, 67, 56, 66, 55, 61, 58, 65, 72, 69, 65, 172]",SSTF,1.0,1,0,139,139,663,139,209,379
independent,21,standalone,bursty,120,"[148, 12, 142, 149, 146, 130, 185, 144, 151, 145, 178, 139, 145, 136, 146, 140, 148, 145, 63, 126, 141, 150, 64, 151]",SSTF,1.0,1,0,238,238,885,238,305,392
independent,22,standalone,bursty,8,"[190, 191, 186, 189, 186, 128, 188, 193, 192, 187, 192, 189, 190, 191, 175, 190, 183, 189, 184, 186, 194, 182, 180, 188]",SSTF,1.0,1,0,186,186,414,186,202,278
independent,23,standalone,bursty,25,"[135, 80, 88, 84, 83, 79, 83, 94, 91, 80, 99, 92, 80, 92, 87, 198, 92, 92, 86, 89, 4, 96, 183, 94]",SCAN,0.56875,0,8,223,215,845,215,223,344
independent,24,standalone,bursty,148,"[164, 165, 159, 166, 163, 167, 169, 146, 191, 169, 171, 163, 166, 161, 166, 166, 163, 168, 168, 159, 167, 157, 158, 166]",SSTF,1.0,1,0,47,47,196,47,339,389
independent,25,standalone,bursty,87,"[2, 12, 191, 13, 9, 16, 15, 5, 13, 28, 9, 19, 13, 17, 14, 18, 8, 8, 19, 12, 16, 21, 13, 14]",SSTF,0.9193548387096774,1,0,274,274,589,274,278,294
independent,26,standalone,bursty,137,"[82, 85, 88, 162, 90, 85, 81, 82, 80, 86, 76, 89, 82, 92, 75, 85, 187, 77, 48, 81, 79, 87, 85, 110]",SSTF,1.0,1,0,189,189,603,189,324,373
independent,27,standalone,bursty,164,"[180, 177, 190, 184, 103, 172, 137, 174, 172, 179, 180, 178, 176, 183, 180, 121, 105, 180, 188, 172, 182, 186, 184, 176]",SSTF,1.0,1,0,113,113,482,113,354,390
independent,28,standalone,bursty,196,"[81, 89, 89, 94, 81, 124, 84, 76, 81, 136, 85, 77, 91, 73, 80, 84, 86, 87, 88, 85, 71, 83, 78, 80]",SSTF,1.0,1,0,125,125,434,125,125,125
independent,29,standalone,bursty,52,"[41, 37, 44, 8, 47, 39, 28, 97, 38, 76, 44, 35, 38, 46, 37, 42, 46, 46, 23, 39, 51, 39, 93, 41]",SSTF,0.75,1,0,133,133,521,133,149,374
independent,30,standalone,bursty,6,"[159, 154, 163, 147, 157, 31, 144, 150, 151, 162, 158, 143, 161, 159, 153, 35, 152, 144, 157, 145, 177, 150, 157, 154]",SSTF,0.9705882352941176,1,0,171,171,832,171,183,373
independent,31,standalone,bursty,45,"[63, 58, 54, 64, 59, 61, 49, 66, 62, 58, 163, 56, 59, 67, 63, 58, 70, 71, 59, 50, 61, 85, 61, 52]",SSTF,1.0,1,0,118,118,415,118,208,394
independent,32,standalone,bursty,174,"[83, 77, 87, 76, 91, 85, 83, 88, 87, 88, 151, 117, 76, 92, 75, 75, 85, 74, 84, 83, 83, 85, 163, 175]",SSTF,1.0,1,0,102,102,443,102,349,397
independent,33,standalone,bursty,145,"[31, 34, 29, 35, 34, 36, 47, 30, 28, 31, 48, 39, 41, 40, 35, 33, 31, 25, 40, 34, 32, 44, 25, 30]",SSTF,1.0,1,0,120,120,267,120,120,120
independent,34,standalone,bursty,121,"[152, 153, 161, 161, 147, 159, 148, 143, 154, 157, 150, 25, 140, 146, 151, 152, 148, 145, 145, 148, 144, 143, 140, 145]",SSTF,1.0,1,0,176,176,378,176,282,379
independent,35,standalone,bursty,83,"[31, 28, 32, 17, 19, 22, 27, 28, 18, 24, 25, 19, 23, 31, 21, 28, 30, 21, 27, 15, 25, 15, 28, 26]",SSTF,0.9193548387096774,1,0,68,68,201,68,68,68
independent,36,standalone,bursty,110,"[31, 33, 27, 24, 37, 32, 28, 41, 24, 47, 36, 30, 42, 28, 26, 35, 31, 27, 36, 33, 167, 22, 32, 30]",SSTF,1.0,1,0,202,202,530,202,277,341
independent,37,standalone,bursty,64,"[119, 119, 114, 118, 102, 111, 163, 64, 118, 113, 108, 125, 124, 33, 115, 118, 112, 111, 21, 115, 173, 113, 117, 96]",SCAN,0.56875,0,42,237,195,832,195,237,366
independent,38,standalone,bursty,24,"[192, 187, 180, 194, 189, 196, 187, 199, 54, 197, 144, 193, 190, 184, 188, 187, 101, 187, 180, 199, 191, 189, 191, 188]",SCAN,0.56875,0,48,223,175,844,175,223,368
independent,39,standalone,bursty,192,"[127, 128, 130, 135, 122, 130, 141, 137, 131, 119, 133, 118, 127, 120, 135, 130, 186, 130, 135, 120, 124, 123, 120, 131]",SSTF,1.0,1,0,74,74,343,74,74,74
independent,40,standalone,bursty,182,"[191, 119, 166, 177, 173, 175, 189, 175, 178, 171, 135, 183, 176, 179, 185, 192, 167, 180, 194, 186, 188, 188, 184, 186]",SSTF,1.0,1,0,87,87,358,87,376,397
independent,41,standalone,bursty,17,"[100, 98, 95, 7, 103, 88, 103, 101, 94, 96, 96, 95, 94, 7, 128, 99, 102, 104, 88, 97, 92, 97, 98, 97]",SSTF,0.9193548387096774,1,0,131,131,594,131,145,327
independent,42,standalone,bursty,120,"[18, 23, 31, 41, 15, 14, 166, 21, 17, 32, 16, 15, 10, 29, 21, 14, 19, 21, 21, 17, 54, 16, 19, 28]",SSTF,1.0,1,0,202,202,622,202,286,352
independent,43,standalone,bursty,1,"[34, 34, 29, 26, 10, 20, 23, 80, 12, 24, 14, 16, 37, 26, 21, 53, 66, 11, 28, 28, 31, 19, 32, 26]",SSTF,1.0,1,0,79,79,407,79,81,389
independent,44,standalone,bursty,179,"[124, 130, 134, 135, 41, 128, 187, 125, 139, 128, 115, 23, 143, 158, 128, 120, 129, 135, 136, 135, 123, 120, 127, 141]",SSTF,1.0,1,0,172,172,724,172,366,390
independent,45,standalone,bursty,145,"[190, 180, 171, 174, 173, 174, 193, 187, 188, 182, 188, 149, 186, 193, 177, 155, 179, 191, 179, 185, 186, 186, 180, 186]",SSTF,1.0,1,0,48,48,295,48,338,394
independent,46,standalone,bursty,9,"[84, 111, 48, 111, 115, 64, 123, 108, 115, 119, 110, 112, 110, 106, 104, 106, 118, 124, 40, 169, 113, 110, 112, 114]",SSTF,1.0,1,0,160,160,683,160,178,367
independent,47,standalone,bursty,145,"[44, 116, 128, 138, 127, 127, 131, 129, 177, 134, 128, 123, 118, 124, 128, 27, 119, 133, 130, 124, 124, 112, 120, 193]",SSTF,1.0,1,0,280,280,638,280,338,366
independent,48,standalone,bursty,92,"[44, 47, 46, 28, 46, 43, 35, 45, 41, 45, 35, 52, 35, 43, 45, 166, 49, 45, 33, 43, 39, 42, 30, 45]",SSTF,0.9193548387096774,1,0,202,202,469,202,258,324
independent,49,standalone,bursty,59,"[35, 26, 39, 97, 26, 36, 36, 44, 31, 29, 190, 40, 42, 35, 29, 33, 30, 62, 21, 27, 30, 30, 36, 25]",SSTF,0.9193548387096774,1,0,213,213,640,213,249,395
independent,50,standalone,bursty,101,"[59, 58, 54, 60, 55, 150, 60, 50, 53, 57, 106, 47, 44, 50, 49, 51, 56, 54, 47, 52, 51, 48, 59, 52]",SSTF,1.0,1,0,155,155,421,155,251,393
independent,51,standalone,bursty,129,"[17, 32, 29, 91, 162, 19, 23, 25, 49, 31, 27, 24, 25, 21, 18, 27, 25, 98, 23, 130, 23, 23, 26, 22]",SSTF,1.0,1,0,178,178,849,178,291,397
independent,52,standalone,bursty,52,"[22, 16, 12, 16, 31, 24, 26, 23, 15, 32, 28, 24, 175, 25, 15, 24, 50, 20, 27, 24, 20, 22, 15, 16]",SSTF,0.9193548387096774,1,0,203,203,504,203,227,275
independent,53,standalone,bursty,180,"[47, 39, 51, 52, 43, 55, 44, 50, 44, 49, 51, 42, 51, 51, 56, 44, 50, 81, 50, 31, 39, 50, 45, 52]",SSTF,1.0,1,0,149,149,358,149,149,149
independent,54,standalone,bursty,190,"[63, 87, 10, 69, 78, 75, 65, 15, 71, 74, 73, 77, 116, 56, 62, 69, 73, 68, 79, 69, 74, 80, 67, 73]",SSTF,1.0,1,0,180,180,595,180,180,180
independent,55,standalone,bursty,46,"[0, 111, 121, 111, 126, 101, 76, 107, 107, 119, 115, 114, 91, 120, 108, 115, 112, 108, 104, 98, 113, 178, 148, 117]",SSTF,0.9193548387096774,0,86,310,224,519,310,224,368
independent,56,standalone,bursty,10,"[171, 171, 28, 191, 176, 176, 174, 22, 168, 182, 188, 159, 158, 178, 184, 179, 174, 171, 172, 187, 168, 180, 174, 175]",SSTF,0.9705882352941176,1,0,181,181,925,181,201,386
independent,57,standalone,bursty,14,"[110, 124, 114, 119, 113, 127, 116, 120, 46, 111, 132, 120, 112, 127, 112, 130, 120, 115, 126, 135, 124, 121, 119, 118]",SSTF,1.0,1,0,121,121,440,121,149,366
independent,58,standalone,bursty,199,"[87, 69, 69, 71, 81, 63, 67, 71, 62, 71, 73, 80, 71, 69, 69, 23, 61, 68, 33, 68, 68, 96, 77, 69]",SSTF,1.0,1,0,176,176,422,176,176,176
independent,59,standalone,bursty,96,"[119, 167, 38, 43, 38, 45, 74, 38, 148, 37, 30, 29, 45, 44, 36, 77, 40, 38, 39, 38, 43, 44, 39, 30]",SSTF,0.9193548387096774,1,0,205,205,638,205,263,375
independent,60,standalone,bursty,134,"[110, 111, 111, 112, 95, 198, 127, 37, 104, 98, 112, 123, 98, 111, 110, 116, 112, 99, 109, 100, 99, 117, 110, 118]",SSTF,1.0,1,0,258,258,520,258,332,334
independent,61,standalone,bursty,131,"[112, 118, 116, 126, 114, 119, 148, 115, 131, 125, 116, 118, 118, 134, 112, 127, 123, 128, 127, 125, 127, 118, 127, 120]",SSTF,1.0,1,0,61,61,241,61,279,395
independent,62,standalone,bursty,76,"[93, 96, 97, 100, 93, 109, 106, 105, 89, 103, 103, 102, 44, 102, 95, 21, 102, 97, 12, 98, 98, 110, 105, 96]",SSTF,0.9193548387096774,1,0,132,132,562,132,186,385
independent,63,standalone,bursty,50,"[61, 59, 61, 63, 62, 53, 50, 60, 46, 154, 48, 55, 50, 186, 62, 48, 52, 53, 52, 41, 51, 58, 47, 70]",SSTF,0.75,1,0,194,194,622,194,236,397
independent,64,standalone,bursty,40,"[66, 63, 59, 105, 53, 68, 72, 122, 58, 22, 65, 61, 63, 68, 65, 63, 58, 79, 57, 51, 68, 66, 54, 66]",SSTF,0.9193548387096774,0,20,182,162,456,182,162,387
independent,65,standalone,bursty,131,"[167, 168, 156, 158, 162, 174, 153, 158, 157, 167, 160, 156, 157, 152, 154, 163, 162, 161, 26, 159, 198, 165, 153, 187]",SSTF,1.0,1,0,239,239,520,239,329,377
independent,66,standalone,bursty,75,"[68, 85, 79, 64, 66, 73, 62, 63, 63, 67, 49, 77, 67, 71, 77, 105, 74, 79, 70, 56, 71, 66, 75, 120]",SSTF,0.75,1,0,97,97,297,97,195,396
independent,67,standalone,bursty,165,"[117, 123, 136, 107, 132, 118, 122, 126, 129, 124, 129, 123, 134, 123, 124, 117, 121, 130, 117, 133, 123, 126, 123, 132]",SSTF,1.0,1,0,58,58,259,58,58,58
independent,68,standalone,bursty,101,"[43, 41, 58, 40, 196, 180, 31, 39, 32, 40, 33, 37, 190, 30, 39, 38, 30, 44, 39, 40, 114, 133, 46, 28]",SSTF,0.72,1,0,263,263,999,263,297,385
independent,69,standalone,bursty,62,"[84, 79, 77, 86, 86, 78, 73, 86, 71, 83, 79, 84, 77, 152, 68, 90, 1, 84, 75, 86, 143, 71, 5, 75]",SCAN,0.56875,1,0,214,214,745,241,214,392
independent,70,standalone,bursty,47,"[136, 130, 62, 125, 137, 37, 127, 121, 128, 133, 197, 137, 127, 140, 135, 121, 81, 133, 138, 132, 131, 149, 77, 121]",SCAN,0.56875,0,74,244,170,850,170,244,383
independent,71,standalone,bursty,11,"[80, 64, 57, 68, 59, 67, 86, 56, 76, 3, 73, 86, 74, 61, 68, 59, 70, 74, 70, 77, 67, 74, 72, 69]",SSTF,0.9193548387096774,1,0,91,91,434,91,97,353
independent,72,standalone,bursty,61,"[100, 106, 128, 111, 116, 151, 115, 107, 106, 124, 114, 114, 124, 114, 105, 115, 106, 105, 114, 108, 108, 111, 122, 107]",SSTF,1.0,1,0,90,90,290,90,212,359
independent,73,standalone,bursty,9,"[2, 0, 82, 11, 9, 8, 160, 11, 11, 16, 19, 16, 14, 80, 8, 15, 14, 17, 4, 11, 9, 12, 11, 11]",SSTF,0.75,0,22,191,169,654,191,169,396
independent,74,standalone,bursty,117,"[97, 100, 105, 96, 93, 96, 97, 88, 97, 99, 63, 104, 99, 96, 104, 97, 27, 101, 95, 116, 57, 106, 107, 107]",SSTF,1.0,1,0,90,90,444,90,90,90
independent,75,standalone,bursty,97,"[66, 67, 59, 60, 70, 69, 77, 68, 59, 70, 69, 62, 55, 67, 64, 70, 74, 69, 61, 68, 65, 61, 64, 69]",SSTF,0.9193548387096774,1,0,42,42,164,42,42,42
independent,76,standalone,bursty,165,"[125, 138, 154, 136, 140, 142, 144, 136, 146, 144, 99, 144, 170, 134, 133, 138, 138, 180, 49, 145, 132, 130, 0, 188]",SSTF,1.0,1,0,211,211,875,211,353,393
independent,77,standalone,bursty,72,"[172, 167, 21, 164, 168, 170, 181, 172, 170, 161, 172, 172, 175, 171, 84, 161, 152, 184, 153, 164, 159, 168, 178, 120]",SCAN,0.56875,1,0,256,256,778,275,256,386
independent,78,standalone,bursty,86,"[31, 48, 58, 46, 40, 45, 46, 166, 120, 41, 46, 43, 70, 42, 36, 54, 50, 37, 43, 42, 2, 144, 56, 110]",SSTF,0.6351351351351351,1,0,248,248,786,248,252,374
independent,79,standalone,bursty,150,"[18, 9, 8, 20, 11, 7, 14, 18, 15, 13, 6, 124, 17, 111, 13, 20, 9, 16, 72, 31, 198, 30, 10, 15]",SSTF,1.0,1,0,336,336,1089,336,348,350
independent,80,standalone,bursty,9,"[109, 108, 124, 86, 105, 99, 109, 114, 117, 115, 48, 115, 107, 111, 120, 58, 119, 111, 114, 106, 114, 120, 105, 112]",SSTF,1.0,1,0,115,115,533,115,133,359
independent,81,standalone,bursty,108,"[25, 40, 33, 39, 41, 53, 9, 35, 40, 39, 39, 33, 33, 31, 87, 42, 43, 172, 40, 11, 42, 14, 49, 69]",SSTF,1.0,1,0,262,262,715,262,280,334
independent,82,standalone,bursty,76,"[73, 106, 78, 83, 82, 81, 81, 80, 78, 77, 81, 82, 57, 77, 179, 80, 78, 83, 90, 88, 87, 79, 45, 87]",SSTF,0.75,1,0,225,225,427,225,255,397
independent,83,standalone,bursty,127,"[194, 191, 193, 183, 194, 186, 194, 181, 172, 181, 35, 192, 185, 182, 185, 186, 183, 180, 180, 181, 189, 188, 179, 178]",SSTF,1.0,1,0,226,226,483,226,321,353
independent,84,standalone,bursty,114,"[9, 20, 11, 20, 11, 13, 53, 14, 185, 22, 0, 24, 11, 13, 22, 0, 17, 16, 0, 1, 14, 3, 11, 13]",SSTF,1.0,1,0,299,299,719,299,299,327
independent,85,standalone,bursty,19,"[183, 187, 182, 182, 178, 172, 177, 174, 190, 179, 177, 185, 177, 182, 186, 176, 169, 174, 192, 178, 155, 187, 179, 184]",SSTF,1.0,1,0,173,173,367,173,211,262
independent,86,standalone,bursty,128,"[145, 121, 112, 108, 118, 117, 83, 121, 105, 144, 123, 122, 195, 132, 113, 122, 112, 127, 118, 115, 125, 112, 118, 117]",SSTF,1.0,1,0,157,157,445,157,323,394
independent,87,standalone,bursty,115,"[103, 41, 6, 19, 189, 20, 12, 14, 42, 6, 23, 4, 11, 22, 20, 20, 140, 21, 24, 28, 20, 17, 83, 149]",SSTF,1.0,1,0,296,296,980,296,304,373
independent,88,standalone,bursty,184,"[104, 114, 102, 105, 43, 96, 118, 114, 109, 107, 113, 119, 111, 107, 109, 117, 99, 100, 119, 198, 105, 176, 119, 109]",SSTF,1.0,1,0,185,185,635,185,382,384
independent,89,standalone,bursty,28,"[181, 188, 184, 196, 189, 189, 188, 184, 197, 185, 183, 199, 189, 189, 185, 197, 182, 194, 189, 192, 182, 186, 193, 65]",SSTF,1.0,1,0,171,171,441,171,227,361
independent,90,standalone,bursty,190,"[73, 79, 80, 86, 76, 161, 7, 159, 192, 81, 84, 81, 76, 81, 77, 80, 68, 79, 79, 82, 28, 85, 79, 85]",SSTF,1.0,1,0,187,187,847,187,382,396
independent,91,standalone,bursty,61,"[155, 143, 157, 153, 148, 151, 151, 158, 146, 147, 162, 155, 144, 148, 145, 149, 76, 149, 147, 162, 153, 144, 150, 151]",SSTF,1.0,1,0,101,101,384,101,223,383
independent,92,standalone,bursty,192,"[89, 90, 91, 93, 92, 89, 90, 191, 89, 85, 96, 126, 85, 82, 95, 192, 82, 83, 102, 88, 82, 96, 85, 96]",SSTF,1.0,1,0,110,110,700,110,110,110
independent,93,standalone,bursty,100,"[168, 179, 168, 175, 175, 181, 179, 192, 193, 187, 185, 120, 179, 169, 178, 181, 41, 185, 187, 178, 175, 178, 128, 176]",SSTF,1.0,1,0,245,245,672,245,293,378
independent,94,standalone,bursty,66,"[146, 145, 149, 143, 144, 39, 150, 152, 145, 147, 150, 149, 143, 135, 149, 142, 152, 146, 152, 155, 141, 152, 67, 157]",SSTF,0.9193548387096774,1,0,147,147,583,147,223,397
independent,95,standalone,bursty,135,"[127, 122, 94, 136, 126, 84, 38, 176, 126, 119, 123, 128, 130, 127, 122, 128, 125, 130, 128, 125, 131, 124, 119, 130]",SSTF,1.0,1,0,237,237,443,237,311,397
independent,96,standalone,bursty,35,"[161, 132, 165, 168, 167, 160, 165, 29, 166, 157, 170, 164, 170, 160, 166, 164, 173, 173, 164, 167, 160, 168, 155, 155]",SSTF,0.9193548387096774,1,0,150,150,578,150,208,301
independent,97,standalone,bursty,183,"[176, 173, 169, 182, 166, 179, 184, 169, 177, 36, 168, 163, 176, 174, 176, 184, 158, 166, 186, 178, 186, 65, 178, 184]",SSTF,1.0,1,0,155,155,697,155,369,397
independent,98,standalone,bursty,171,"[89, 88, 96, 101, 109, 100, 86, 90, 98, 91, 97, 94, 94, 107, 105, 99, 93, 94, 89, 96, 98, 94, 100, 99]",SSTF,1.0,1,0,85,85,208,85,85,85
independent,99,standalone,bursty,79,"[141, 148, 46, 148, 147, 138, 151, 154, 148, 142, 142, 140, 145, 146, 157, 148, 148, 147, 147, 148, 145, 146, 148, 153]",SSTF,0.9193548387096774,1,0,144,144,352,144,236,339
independent,100,standalone,bursty,196,"[79, 78, 69, 75, 64, 76, 75, 76, 62, 79, 70, 77, 80, 80, 151, 180, 80, 73, 71, 83, 73, 13, 84, 80]",SSTF,1.0,1,0,183,183,574,183,183,183
independent,101,standalone,bursty,74,"[94, 94, 82, 85, 85, 120, 75, 30, 83, 95, 89, 90, 114, 84, 53, 103, 96, 90, 91, 81, 35, 81, 90, 90]",SSTF,0.9193548387096774,1,0,136,136,492,136,194,397
independent,102,standalone,bursty,109,"[31, 68, 77, 70, 62, 61, 61, 26, 62, 75, 64, 67, 62, 59, 62, 71, 70, 65, 71, 59, 79, 52, 68, 63]",SSTF,1.0,1,0,83,83,350,83,83,83
independent,103,standalone,bursty,73,"[149, 139, 149, 142, 147, 146, 145, 144, 132, 143, 145, 143, 145, 147, 146, 134, 137, 145, 140, 150, 149, 138, 145, 143]",SSTF,1.0,1,0,77,77,202,77,223,339
independent,104,standalone,bursty,146,"[117, 132, 130, 122, 125, 126, 130, 128, 131, 131, 132, 128, 125, 132, 124, 171, 132, 127, 76, 133, 130, 47, 122, 98]",SSTF,1.0,1,0,223,223,474,223,317,373
independent,105,standalone,bursty,106,"[149, 148, 160, 149, 155, 87, 160, 155, 155, 158, 39, 153, 160, 101, 156, 162, 146, 149, 159, 177, 154, 159, 9, 158]",SSTF,1.0,1,0,265,265,956,265,283,358
independent,106,standalone,bursty,157,"[122, 118, 110, 114, 109, 114, 162, 111, 128, 120, 109, 117, 184, 115, 118, 118, 23, 117, 123, 116, 107, 126, 121, 118]",SSTF,1.0,1,0,188,188,581,188,341,393
independent,107,standalone,bursty,69,"[63, 60, 52, 106, 56, 52, 65, 66, 187, 58, 65, 66, 56, 56, 55, 197, 69, 136, 53, 19, 51, 59, 47, 59]",SSTF,0.6351351351351351,1,0,228,228,926,228,266,361
independent,108,standalone,bursty,174,"[130, 117, 127, 122, 125, 132, 126, 131, 120, 118, 120, 138, 128, 183, 121, 136, 122, 122, 161, 119, 117, 119, 129, 29]",SSTF,1.0,1,0,163,163,477,163,357,389
independent,109,standalone,bursty,199,"[111, 9, 102, 110, 119, 3, 112, 109, 119, 106, 127, 112, 30, 104, 106, 103, 110, 116, 115, 103, 116, 109, 107, 76]",SSTF,1.0,1,0,196,196,827,196,196,196
independent,110,standalone,bursty,65,"[23, 27, 34, 2, 30, 21, 27, 27, 25, 21, 32, 197, 30, 61, 34, 29, 22, 20, 188, 21, 22, 23, 69, 29]",SSTF,0.6351351351351351,0,12,274,262,972,274,262,394
independent,111,standalone,bursty,61,"[133, 123, 119, 108, 123, 126, 112, 125, 120, 124, 139, 121, 120, 139, 117, 122, 122, 124, 118, 129, 124, 66, 129, 3]",SSTF,0.9193548387096774,0,14,214,200,502,214,200,393
independent,112,standalone,bursty,195,"[121, 125, 126, 125, 122, 172, 125, 126, 67, 126, 116, 121, 119, 121, 115, 139, 117, 128, 134, 123, 131, 133, 122, 130]",SSTF,1.0,1,0,128,128,427,128,128,128
independent,113,standalone,bursty,92,"[184, 186, 177, 183, 181, 140, 100, 187, 187, 185, 188, 154, 190, 186, 187, 72, 188, 184, 188, 195, 198, 186, 184, 185]",SSTF,0.9193548387096774,1,0,162,162,623,162,290,390
independent,114,standalone,bursty,0,"[176, 163, 168, 164, 171, 160, 162, 162, 179, 177, 159, 171, 162, 168, 168, 162, 180, 118, 163, 155, 173, 164, 31, 170]",SSTF,1.0,1,0,180,180,720,180,180,367
independent,115,standalone,bursty,3,"[152, 151, 153, 148, 145, 158, 156, 141, 155, 161, 156, 147, 151, 153, 150, 151, 151, 159, 149, 155, 130, 154, 145, 155]",SSTF,1.0,1,0,158,158,326,158,164,271
independent,116,standalone,bursty,81,"[90, 85, 85, 90, 102, 85, 81, 85, 78, 96, 87, 73, 91, 94, 86, 114, 88, 183, 92, 84, 98, 87, 146, 119]",SSTF,0.75,1,0,118,118,492,118,264,395
independent,117,standalone,bursty,155,"[162, 71, 68, 66, 58, 56, 54, 61, 62, 57, 63, 59, 60, 63, 66, 65, 67, 61, 131, 52, 68, 67, 64, 63]",SSTF,1.0,1,0,117,117,324,117,317,391
independent,118,standalone,bursty,29,"[87, 67, 102, 96, 95, 103, 100, 107, 17, 93, 97, 107, 105, 94, 97, 96, 103, 94, 100, 108, 93, 101, 101, 110]",SSTF,0.9193548387096774,1,0,105,105,397,105,139,360
independent,119,standalone,bursty,73,"[56, 62, 60, 67, 62, 55, 53, 60, 54, 70, 62, 114, 11, 136, 69, 62, 62, 72, 61, 60, 61, 55, 133, 54]",SSTF,0.9193548387096774,1,0,187,187,623,187,209,357
independent,120,standalone,bursty,135,"[145, 146, 146, 142, 150, 155, 148, 138, 134, 147, 145, 167, 137, 144, 153, 145, 144, 144, 148, 141, 128, 139, 138, 129]",SSTF,1.0,1,0,73,73,186,73,302,396
independent,121,standalone,bursty,62,"[99, 73, 102, 112, 93, 94, 97, 87, 100, 102, 102, 136, 92, 11, 98, 99, 170, 97, 190, 50, 100, 94, 95, 91]",SCAN,0.56875,1,0,252,252,835,307,252,387
independent,122,standalone,bursty,99,"[49, 46, 53, 54, 54, 50, 49, 52, 37, 60, 44, 48, 53, 43, 49, 141, 39, 52, 53, 53, 53, 61, 51, 55]",SSTF,0.9193548387096774,1,0,166,166,378,166,240,356
independent,123,standalone,bursty,141,"[31, 14, 11, 10, 24, 28, 25, 108, 21, 29, 18, 21, 13, 23, 32, 34, 28, 8, 36, 111, 28, 19, 12, 24]",SSTF,1.0,1,0,133,133,613,133,133,133
independent,124,standalone,bursty,105,"[72, 160, 75, 66, 71, 70, 72, 72, 80, 68, 78, 83, 73, 66, 170, 37, 70, 84, 83, 77, 83, 83, 85, 67]",SSTF,1.0,1,0,201,201,592,201,275,343
independent,125,standalone,bursty,187,"[25, 27, 37, 85, 30, 33, 23, 26, 23, 28, 26, 24, 17, 7, 30, 67, 25, 61, 31, 23, 32, 39, 31, 31]",SSTF,1.0,1,0,180,180,522,180,180,180
independent,126,standalone,bursty,139,"[180, 186, 182, 171, 172, 179, 181, 173, 176, 173, 169, 186, 176, 169, 167, 182, 173, 171, 180, 176, 174, 147, 172, 179]",SSTF,1.0,1,0,47,47,226,47,325,390
independent,127,standalone,bursty,144,"[23, 21, 97, 19, 11, 19, 4, 18, 19, 6, 4, 18, 15, 89, 18, 23, 17, 25, 95, 17, 20, 18, 23, 15]",SSTF,1.0,1,0,140,140,685,140,140,140
independent,128,standalone,bursty,119,"[107, 103, 87, 94, 89, 92, 43, 95, 89, 88, 91, 94, 89, 92, 3, 90, 98, 101, 95, 94, 102, 94, 93, 95]",SSTF,1.0,1,0,116,116,382,116,116,116
independent,129,standalone,bursty,100,"[87, 177, 109, 25, 84, 84, 93, 131, 84, 86, 89, 83, 189, 92, 102, 91, 94, 95, 96, 89, 95, 96, 83, 195]",SSTF,1.0,0,8,303,295,787,303,295,396
independent,130,standalone,bursty,104,"[23, 110, 115, 120, 113, 120, 199, 110, 108, 102, 125, 188, 111, 109, 103, 102, 111, 114, 99, 105, 100, 117, 114, 101]",SSTF,1.0,1,0,281,281,611,281,303,397
independent,131,standalone,bursty,41,"[134, 129, 132, 110, 129, 134, 130, 119, 119, 123, 119, 125, 128, 140, 125, 20, 44, 124, 122, 121, 125, 120, 111, 118]",SSTF,0.9193548387096774,1,0,147,147,443,147,181,395
independent,132,standalone,bursty,107,"[144, 138, 142, 34, 135, 139, 136, 139, 136, 141, 142, 120, 138, 130, 129, 144, 142, 146, 129, 140, 130, 137, 140, 197]",SSTF,1.0,1,0,253,253,450,253,304,385
independent,133,standalone,bursty,103,"[98, 84, 94, 99, 100, 103, 98, 93, 90, 95, 80, 100, 89, 91, 96, 90, 95, 92, 90, 175, 83, 99, 91, 96]",SSTF,1.0,1,0,118,118,331,118,278,326
independent,134,standalone,bursty,18,"[29, 40, 32, 31, 28, 38, 126, 29, 33, 95, 36, 27, 24, 33, 32, 30, 24, 19, 42, 51, 41, 25, 29, 17]",SSTF,0.9193548387096774,1,0,112,112,463,112,144,397
independent,135,standalone,bursty,114,"[63, 57, 69, 58, 69, 67, 57, 55, 62, 71, 62, 68, 69, 82, 67, 57, 55, 78, 58, 61, 65, 61, 67, 64]",SSTF,1.0,1,0,59,59,240,59,59,59
independent,136,standalone,bursty,170,"[34, 33, 28, 191, 33, 34, 34, 20, 42, 55, 81, 35, 30, 137, 29, 154, 32, 141, 28, 34, 28, 38, 28, 132]",SSTF,1.0,1,0,321,321,1410,321,361,377
independent,137,standalone,bursty,180,"[194, 183, 182, 187, 183, 194, 194, 59, 193, 166, 185, 178, 169, 190, 185, 188, 180, 186, 188, 190, 178, 183, 180, 190]",SSTF,1.0,1,0,149,149,454,149,374,396
independent,138,standalone,bursty,179,"[102, 52, 150, 114, 102, 191, 138, 109, 142, 105, 104, 115, 154, 113, 106, 112, 104, 117, 109, 108, 111, 105, 118, 103]",SSTF,1.0,1,0,151,151,686,151,370,386
independent,139,standalone,bursty,178,"[4, 131, 116, 98, 90, 107, 99, 104, 100, 112, 110, 109, 121, 115, 106, 108, 105, 104, 105, 54, 105, 113, 107, 5]",SSTF,1.0,1,0,174,174,643,174,174,174
independent,140,standalone,bursty,156,"[92, 76, 69, 76, 82, 76, 72, 107, 85, 84, 76, 47, 77, 83, 78, 77, 85, 159, 85, 89, 78, 78, 82, 86]",SSTF,1.0,1,0,115,115,426,115,315,395
independent,141,standalone,bursty,51,"[8, 102, 7, 11, 23, 13, 3, 13, 20, 29, 119, 15, 13, 26, 29, 18, 21, 5, 15, 162, 189, 14, 22, 2]",SSTF,0.6351351351351351,1,0,236,236,923,236,240,347
independent,142,standalone,bursty,16,"[23, 27, 29, 22, 31, 26, 28, 11, 26, 33, 15, 45, 20, 30, 17, 10, 17, 23, 30, 29, 32, 34, 27, 22]",SSTF,0.75,0,5,66,61,216,66,61,397
independent,143,standalone,bursty,67,"[64, 192, 59, 55, 155, 52, 71, 61, 60, 59, 61, 133, 72, 68, 55, 63, 61, 59, 60, 63, 56, 50, 52, 63]",SSTF,0.6351351351351351,1,0,169,169,696,169,259,397
independent,144,standalone,bursty,127,"[109, 66, 84, 79, 93, 188, 87, 88, 88, 91, 87, 95, 78, 102, 85, 96, 86, 98, 85, 82, 83, 85, 86, 91]",SSTF,1.0,1,0,183,183,426,183,315,337
independent,145,standalone,bursty,159,"[123, 127, 130, 128, 128, 131, 126, 143, 137, 130, 123, 131, 141, 134, 138, 140, 177, 37, 133, 133, 135, 136, 144, 131]",SSTF,1.0,1,0,230,230,418,230,336,380
independent,146,standalone,bursty,99,"[131, 133, 126, 126, 136, 124, 129, 21, 195, 127, 122, 128, 129, 130, 133, 132, 137, 136, 134, 129, 135, 125, 131, 127]",SSTF,0.9193548387096774,1,0,270,270,474,270,294,375
independent,147,standalone,bursty,118,"[66, 67, 51, 73, 72, 65, 79, 80, 65, 69, 75, 66, 65, 67, 62, 72, 67, 54, 60, 66, 70, 74, 65, 73]",SSTF,1.0,1,0,67,67,221,67,67,67
independent,148,standalone,bursty,137,"[147, 135, 135, 140, 100, 151, 145, 71, 151, 143, 140, 149, 140, 137, 118, 144, 135, 79, 162, 141, 150, 147, 141, 142]",SSTF,1.0,1,0,120,120,543,120,299,395
independent,149,standalone,bursty,12,"[0, 28, 25, 16, 131, 12, 33, 21, 27, 22, 27, 25, 21, 29, 22, 21, 20, 14, 20, 21, 21, 20, 19, 23]",SSTF,0.75,0,42,185,143,377,185,143,396
shift,0,before,sequential,53,"[148, 145, 142, 139, 136, 133, 130, 127, 124, 121, 118, 115, 112, 109, 106, 103, 100, 97, 94, 91, 88, 85, 82, 79]",FCFS,0.5046728971962616,0,69,164,95,164,95,201,372
shift,1,before,sequential,79,"[116, 117, 118, 119, 120, 121, 122, 123, 124, 125, 126, 127, 128, 129, 130, 131, 132, 133, 134, 135, 136, 137, 138, 139]",FCFS,0.5046728971962616,1,0,60,60,60,60,218,361
shift,2,before,sequential,139,"[48, 51, 54, 57, 60, 63, 66, 69, 72, 75, 78, 81, 84, 87, 90, 93, 96, 99, 102, 105, 108, 111, 114, 117]",FCFS,0.6896551724137931,0,69,160,91,160,91,91,91
shift,3,before,sequential,117,"[115, 112, 109, 106, 103, 100, 97, 94, 91, 88, 85, 82, 79, 76, 73, 70, 67, 64, 61, 58, 55, 52, 49, 46]",FCFS,0.6896551724137931,1,0,71,71,71,71,71,71
shift,4,before,sequential,46,"[28, 25, 22, 19, 16, 13, 10, 7, 4, 1, 0, 0, 0, 0, 0, 0, 0, 0, 0, 0, 0, 0, 0, 0]",FCFS,1.0,1,0,46,46,46,46,46,46
shift,5,before,sequential,0,"[104, 103, 102, 101, 100, 99, 98, 97, 96, 95, 94, 93, 92, 91, 90, 89, 88, 87, 86, 85, 84, 83, 82, 81]",FCFS,0.5046728971962616,0,23,127,104,127,104,104,317
shift,6,before,sequential,81,"[138, 139, 140, 141, 142, 143, 144, 145, 146, 147, 148, 149, 150, 151, 152, 153, 154, 155, 156, 157, 158, 159, 160, 161]",FCFS,0.5046728971962616,1,0,80,80,80,80,242,341
shift,7,before,sequential,161,"[140, 141, 142, 143, 144, 145, 146, 147, 148, 149, 150, 151, 152, 153, 154, 155, 156, 157, 158, 159, 160, 161, 162, 163]",FCFS,0.8064516129032258,1,0,44,44,44,44,324,397
shift,8,before,sequential,163,"[74, 71, 68, 65, 62, 59, 56, 53, 50, 47, 44, 41, 38, 35, 32, 29, 26, 23, 20, 17, 14, 11, 8, 5]",FCFS,0.4909090909090909,1,0,158,158,158,158,158,158
shift,9,before,sequential,5,"[185, 188, 191, 194, 197, 199, 199, 199, 199, 199, 199, 199, 199, 199, 199, 199, 199, 199, 199, 199, 199, 199, 199, 199]",FCFS,1.0,1,0,194,194,194,194,204,218
shift,10,before,sequential,199,"[41, 38, 35, 32, 29, 26, 23, 20, 17, 14, 11, 8, 5, 2, 0, 0, 0, 0, 0, 0, 0, 0, 0, 0]",FCFS,1.0,1,0,199,199,199,199,199,199
shift,11,before,sequential,0,"[47, 45, 43, 41, 39, 37, 35, 33, 31, 29, 27, 25, 23, 21, 19, 17, 15, 13, 11, 9, 7, 5, 3, 1]",FCFS,0.4909090909090909,0,46,93,47,93,47,47,397
shift,12,before,sequential,1,"[49, 51, 53, 55, 57, 59, 61, 63, 65, 67, 69, 71, 73, 75, 77, 79, 81, 83, 85, 87, 89, 91, 93, 95]",FCFS,0.6896551724137931,1,0,94,94,94,94,96,350
shift,13,before,sequential,95,"[159, 158, 157, 156, 155, 154, 153, 152, 151, 150, 149, 148, 147, 146, 145, 144, 143, 142, 141, 140, 139, 138, 137, 136]",FCFS,0.5046728971962616,0,23,87,64,87,64,254,357
shift,14,before,sequential,136,"[182, 180, 178, 176, 174, 172, 170, 168, 166, 164, 162, 160, 158, 156, 154, 152, 150, 148, 146, 144, 142, 140, 138, 136]",FCFS,0.5046728971962616,0,46,92,46,92,46,318,396
shift,15,before,sequential,136,"[147, 148, 149, 150, 151, 152, 153, 154, 155, 156, 157, 158, 159, 160, 161, 162, 163, 164, 165, 166, 167, 168, 169, 170]",FCFS,0.8064516129032258,1,0,34,34,34,34,306,387
shift,16,before,sequential,170,"[42, 39, 36, 33, 30, 27, 24, 21, 18, 15, 12, 9, 6, 3, 0, 0, 0, 0, 0, 0, 0, 0, 0, 0]",FCFS,1.0,1,0,170,170,170,170,170,170
shift,17,before,sequential,0,"[138, 136, 134, 132, 130, 128, 126, 124, 122, 120, 118, 116, 114, 112, 110, 108, 106, 104, 102, 100, 98, 96, 94, 92]",FCFS,0.5046728971962616,0,46,184,138,184,138,138,306
shift,18,before,sequential,92,"[154, 152, 150, 148, 146, 144, 142, 140, 138, 136, 134, 132, 130, 128, 126, 124, 122, 120, 118, 116, 114, 112, 110, 108]",FCFS,0.5046728971962616,0,46,108,62,108,62,246,382
shift,19,before,sequential,108,"[31, 28, 25, 22, 19, 16, 13, 10, 7, 4, 1, 0, 0, 0, 0, 0, 0, 0, 0, 0, 0, 0, 0, 0]",FCFS,1.0,1,0,108,108,108,108,108,108
shift,20,before,sequential,0,"[112, 114, 116, 118, 120, 122, 124, 126, 128, 130, 132, 134, 136, 138, 140, 142, 144, 146, 148, 150, 152, 154, 156, 158]",FCFS,0.5046728971962616,1,0,158,158,158,158,158,286
shift,21,before,sequential,158,"[189, 192, 195, 198, 199, 199, 199, 199, 199, 199, 199, 199, 199, 199, 199, 199, 199, 199, 199, 199, 199, 199, 199, 199]",FCFS,1.0,1,0,41,41,41,41,357,367
shift,22,before,sequential,199,"[75, 77, 79, 81, 83, 85, 87, 89, 91, 93, 95, 97, 99, 101, 103, 105, 107, 109, 111, 113, 115, 117, 119, 121]",SSTF,0.7045454545454546,1,0,124,124,170,124,124,124
shift,23,before,sequential,75,"[137, 138, 139, 140, 141, 142, 143, 144, 145, 146, 147, 148, 149, 150, 151, 152, 153, 154, 155, 156, 157, 158, 159, 160]",FCFS,0.5046728971962616,1,0,85,85,85,85,235,336
shift,24,before,sequential,160,"[188, 187, 186, 185, 184, 183, 182, 181, 180, 179, 178, 177, 176, 175, 174, 173, 172, 171, 170, 169, 168, 167, 166, 165]",FCFS,0.8064516129032258,0,23,51,28,51,28,348,393
shift,25,before,sequential,165,"[36, 34, 32, 30, 28, 26, 24, 22, 20, 18, 16, 14, 12, 10, 8, 6, 4, 2, 0, 0, 0, 0, 0, 0]",FCFS,1.0,1,0,165,165,165,165,165,165
shift,26,before,sequential,0,"[162, 165, 168, 171, 174, 177, 180, 183, 186, 189, 192, 195, 198, 199, 199, 199, 199, 199, 199, 199, 199, 199, 199, 199]",FCFS,1.0,1,0,199,199,199,199,199,236
shift,27,before,sequential,199,"[93, 92, 91, 90, 89, 88, 87, 86, 85, 84, 83, 82, 81, 80, 79, 78, 77, 76, 75, 74, 73, 72, 71, 70]",FCFS,0.6896551724137931,1,0,129,129,129,129,129,129
shift,28,before,sequential,70,"[60, 61, 62, 63, 64, 65, 66, 67, 68, 69, 70, 71, 72, 73, 74, 75, 76, 77, 78, 79, 80, 81, 82, 83]",FCFS,0.8064516129032258,1,0,33,33,33,33,153,397
shift,29,before,sequential,83,"[120, 119, 118, 117, 116, 115, 114, 113, 112, 111, 110, 109, 108, 107, 106, 105, 104, 103, 102, 101, 100, 99, 98, 97]",FCFS,0.5046728971962616,0,23,60,37,60,37,203,384
shift,30,before,sequential,97,"[115, 113, 111, 109, 107, 105, 103, 101, 99, 97, 95, 93, 91, 89, 87, 85, 83, 81, 79, 77, 75, 73, 71, 69]",FCFS,1.0,1,0,64,64,64,64,212,396
shift,31,before,sequential,69,"[142, 144, 146, 148, 150, 152, 154, 156, 158, 160, 162, 164, 166, 168, 170, 172, 174, 176, 178, 180, 182, 184, 186, 188]",FCFS,0.5046728971962616,1,0,119,119,119,119,257,325
shift,32,before,sequential,188,"[190, 189, 188, 187, 186, 185, 184, 183, 182, 181, 180, 179, 178, 177, 176, 175, 174, 173, 172, 171, 170, 169, 168, 167]",FCFS,0.8064516129032258,1,0,25,25,25,25,378,397
shift,33,before,sequential,167,"[123, 125, 127, 129, 131, 133, 135, 137, 139, 141, 143, 145, 147, 149, 151, 153, 155, 157, 159, 161, 163, 165, 167, 169]",FCFS,1.0,1,0,90,90,90,90,336,396
shift,34,before,sequential,169,"[25, 27, 29, 31, 33, 35, 37, 39, 41, 43, 45, 47, 49, 51, 53, 55, 57, 59, 61, 63, 65, 67, 69, 71]",FCFS,0.4909090909090909,0,46,190,144,190,144,144,144
shift,35,before,sequential,71,"[96, 97, 98, 99, 100, 101, 102, 103, 104, 105, 106, 107, 108, 109, 110, 111, 112, 113, 114, 115, 116, 117, 118, 119]",FCFS,0.5046728971962616,1,0,48,48,48,48,190,373
shift,36,before,sequential,119,"[169, 170, 171, 172, 173, 174, 175, 176, 177, 178, 179, 180, 181, 182, 183, 184, 185, 186, 187, 188, 189, 190, 191, 192]",FCFS,0.5046728971962616,1,0,73,73,73,73,311,348
shift,37,before,sequential,192,"[77, 74, 71, 68, 65, 62, 59, 56, 53, 50, 47, 44, 41, 38, 35, 32, 29, 26, 23, 20, 17, 14, 11, 8]",FCFS,0.4909090909090909,1,0,184,184,184,184,184,184
shift,38,before,sequential,8,"[136, 138, 140, 142, 144, 146, 148, 150, 152, 154, 156, 158, 160, 162, 164, 166, 168, 170, 172, 174, 176, 178, 180, 182]",FCFS,0.5046728971962616,1,0,174,174,174,174,190,270
shift,39,before,sequential,182,"[81, 82, 83, 84, 85, 86, 87, 88, 89, 90, 91, 92, 93, 94, 95, 96, 97, 98, 99, 100, 101, 102, 103, 104]",SSTF,0.7045454545454546,1,0,101,101,124,101,101,101
shift,40,before,sequential,81,"[75, 78, 81, 84, 87, 90, 93, 96, 99, 102, 105, 108, 111, 114, 117, 120, 123, 126, 129, 132, 135, 138, 141, 144]",FCFS,0.5046728971962616,1,0,75,75,75,75,225,395
shift,41,before,sequential,144,"[175, 173, 171, 169, 167, 165, 163, 161, 159, 157, 155, 153, 151, 149, 147, 145, 143, 141, 139, 137, 135, 133, 131, 129]",FCFS,1.0,1,0,77,77,77,77,319,397
shift,42,before,sequential,129,"[107, 104, 101, 98, 95, 92, 89, 86, 83, 80, 77, 74, 71, 68, 65, 62, 59, 56, 53, 50, 47, 44, 41, 38]",FCFS,0.6896551724137931,1,0,91,91,91,91,91,91
shift,43,before,sequential,38,"[173, 171, 169, 167, 165, 163, 161, 159, 157, 155, 153, 151, 149, 147, 145, 143, 141, 139, 137, 135, 133, 131, 129, 127]",FCFS,0.5046728971962616,0,46,181,135,181,135,211,309
shift,44,before,sequential,127,"[116, 117, 118, 119, 120, 121, 122, 123, 124, 125, 126, 127, 128, 129, 130, 131, 132, 133, 134, 135, 136, 137, 138, 139]",FCFS,0.8064516129032258,1,0,34,34,34,34,266,397
shift,45,before,sequential,139,"[195, 197, 199, 199, 199, 199, 199, 199, 199, 199, 199, 199, 199, 199, 199, 199, 199, 199, 199, 199, 199, 199, 199, 199]",FCFS,1.0,1,0,60,60,60,60,338,342
shift,46,before,sequential,199,"[69, 72, 75, 78, 81, 84, 87, 90, 93, 96, 99, 102, 105, 108, 111, 114, 117, 120, 123, 126, 129, 132, 135, 138]",SSTF,0.7045454545454546,1,0,130,130,199,130,130,130
shift,47,before,sequential,69,"[116, 114, 112, 110, 108, 106, 104, 102, 100, 98, 96, 94, 92, 90, 88, 86, 84, 82, 80, 78, 76, 74, 72, 70]",FCFS,0.5046728971962616,0,46,93,47,93,47,185,397
shift,48,before,sequential,70,"[2, 0, 0, 0, 0, 0, 0, 0, 0, 0, 0, 0, 0, 0, 0, 0, 0, 0, 0, 0, 0, 0, 0, 0]",FCFS,1.0,1,0,70,70,70,70,70,70
shift,49,before,sequential,0,"[18, 21, 24, 27, 30, 33, 36, 39, 42, 45, 48, 51, 54, 57, 60, 63, 66, 69, 72, 75, 78, 81, 84, 87]",FCFS,0.4909090909090909,1,0,87,87,87,87,87,380
shift,50,after,bursty,87,"[53, 48, 46, 58, 57, 21, 50, 44, 45, 44, 52, 54, 120, 42, 102, 51, 48, 52, 41, 35, 44, 52, 67, 50]",SSTF,0.9193548387096774,1,0,132,132,465,132,207,383
shift,51,after,bursty,21,"[150, 156, 101, 196, 155, 149, 152, 156, 165, 155, 158, 116, 112, 152, 152, 155, 157, 157, 156, 161, 158, 162, 145, 156]",SSTF,1.0,1,0,175,175,493,175,217,318
shift,52,after,bursty,196,"[25, 27, 34, 28, 24, 25, 33, 28, 27, 33, 29, 14, 35, 30, 105, 31, 39, 39, 39, 31, 27, 92, 145, 30]",SSTF,1.0,1,0,182,182,658,182,182,182
shift,53,after,bursty,14,"[35, 43, 32, 33, 43, 26, 31, 33, 31, 38, 39, 36, 46, 35, 34, 31, 49, 47, 45, 31, 50, 36, 130, 31]",SSTF,1.0,1,0,116,116,375,116,144,386
shift,54,after,bursty,130,"[104, 99, 112, 90, 99, 96, 93, 92, 103, 92, 196, 100, 102, 101, 69, 94, 103, 92, 102, 107, 92, 94, 100, 99]",SSTF,1.0,1,0,188,188,423,188,326,332
shift,55,after,bursty,196,"[151, 158, 148, 143, 150, 151, 171, 141, 139, 158, 155, 145, 63, 110, 151, 155, 151, 154, 159, 146, 156, 152, 162, 155]",SSTF,1.0,1,0,133,133,389,133,133,133
shift,56,after,bursty,63,"[151, 136, 140, 142, 139, 141, 141, 140, 133, 147, 131, 143, 50, 140, 138, 143, 154, 148, 139, 153, 142, 134, 136, 145]",SSTF,0.9193548387096774,1,0,117,117,424,117,217,330
shift,57,after,bursty,154,"[98, 106, 107, 119, 104, 111, 115, 105, 105, 104, 107, 110, 121, 8, 108, 109, 106, 116, 119, 108, 30, 101, 113, 24]",SSTF,1.0,1,0,146,146,622,146,146,146
shift,58,after,bursty,8,"[124, 111, 130, 87, 134, 128, 125, 127, 122, 127, 137, 139, 122, 113, 136, 132, 134, 121, 122, 127, 128, 124, 126, 127]",SSTF,1.0,1,0,131,131,353,131,147,319
shift,59,after,bursty,139,"[156, 153, 161, 30, 155, 159, 156, 168, 148, 59, 165, 160, 166, 156, 157, 52, 136, 130, 158, 167, 169, 151, 140, 30]",SSTF,1.0,1,0,189,189,913,189,308,397
shift,60,after,bursty,30,"[102, 103, 102, 92, 84, 198, 82, 92, 88, 37, 104, 92, 82, 98, 179, 101, 93, 102, 107, 94, 90, 93, 92, 107]",SSTF,1.0,1,0,168,168,709,168,228,391
shift,61,after,bursty,198,"[34, 26, 28, 30, 19, 15, 31, 51, 192, 30, 27, 28, 29, 130, 27, 30, 33, 37, 22, 39, 22, 36, 28, 74]",SSTF,1.0,1,0,183,183,866,183,183,183
shift,62,after,bursty,15,"[18, 35, 50, 36, 30, 29, 29, 22, 175, 28, 33, 25, 29, 27, 164, 33, 27, 39, 29, 127, 28, 66, 29, 30]",SCAN,0.56875,0,30,190,160,951,160,190,395
shift,63,after,bursty,175,"[147, 149, 131, 140, 147, 133, 135, 139, 153, 144, 141, 131, 146, 146, 141, 149, 144, 138, 149, 151, 128, 142, 144, 4]",SSTF,1.0,1,0,171,171,351,171,171,171
shift,64,after,bursty,4,"[55, 69, 65, 54, 71, 58, 174, 73, 49, 76, 61, 61, 50, 151, 64, 44, 59, 56, 61, 49, 52, 65, 55, 59]",SSTF,1.0,1,0,170,170,677,170,178,358
shift,65,after,bursty,174,"[37, 43, 44, 35, 37, 37, 39, 30, 31, 41, 182, 38, 42, 88, 40, 36, 121, 169, 37, 39, 51, 38, 39, 29]",SSTF,1.0,1,0,171,171,867,171,356,390
shift,66,after,bursty,29,"[165, 165, 171, 173, 165, 177, 173, 170, 170, 172, 193, 176, 156, 92, 163, 175, 175, 168, 167, 164, 169, 170, 169, 99]",SSTF,1.0,1,0,164,164,466,164,222,335
shift,67,after,bursty,193,"[134, 134, 132, 180, 135, 121, 130, 145, 126, 143, 167, 138, 131, 129, 136, 128, 135, 128, 97, 133, 124, 130, 150, 135]",SSTF,1.0,1,0,96,96,436,96,96,96
shift,68,after,bursty,97,"[198, 172, 184, 190, 171, 191, 180, 188, 175, 181, 184, 186, 175, 183, 151, 48, 193, 181, 192, 182, 15, 174, 83, 178]",SCAN,0.56875,0,30,295,265,1071,265,295,344
shift,69,after,bursty,198,"[121, 124, 123, 127, 123, 121, 116, 123, 120, 45, 119, 119, 26, 125, 43, 122, 28, 114, 125, 119, 93, 118, 120, 125]",SSTF,1.0,1,0,172,172,863,172,172,172
shift,70,after,bursty,26,"[55, 124, 121, 71, 110, 116, 185, 117, 115, 123, 110, 110, 125, 122, 123, 128, 93, 146, 124, 117, 100, 125, 117, 119]",SSTF,1.0,1,0,159,159,549,159,211,369
shift,71,after,bursty,185,"[168, 175, 178, 47, 145, 174, 108, 176, 174, 173, 178, 163, 124, 98, 163, 176, 121, 182, 178, 182, 180, 174, 182, 176]",SSTF,1.0,1,0,138,138,731,138,138,138
shift,72,after,bursty,47,"[154, 141, 151, 140, 155, 56, 143, 142, 140, 53, 142, 139, 140, 137, 148, 153, 145, 140, 130, 145, 154, 147, 136, 147]",SSTF,1.0,1,0,108,108,620,108,202,392
shift,73,after,bursty,155,"[1, 126, 111, 132, 21, 126, 116, 134, 129, 124, 125, 121, 123, 124, 126, 135, 142, 113, 121, 128, 119, 133, 132, 129]",SSTF,1.0,1,0,154,154,666,154,154,154
shift,74,after,bursty,1,"[141, 55, 40, 48, 78, 53, 61, 157, 22, 49, 13, 59, 39, 47, 42, 52, 13, 50, 42, 56, 54, 54, 47, 47]",SSTF,1.0,1,0,156,156,802,156,158,386
shift,75,after,bursty,157,"[16, 26, 19, 28, 16, 15, 14, 30, 16, 26, 20, 23, 23, 23, 15, 22, 21, 28, 24, 65, 28, 21, 27, 26]",SSTF,1.0,1,0,143,143,349,143,143,143
shift,76,after,bursty,14,"[84, 66, 88, 40, 76, 70, 69, 74, 79, 86, 79, 71, 73, 74, 70, 84, 81, 67, 72, 69, 76, 38, 71, 68]",SSTF,1.0,1,0,74,74,360,74,102,374
shift,77,after,bursty,88,"[63, 130, 134, 37, 136, 132, 132, 138, 126, 132, 142, 130, 120, 134, 137, 128, 70, 120, 136, 132, 145, 96, 135, 35]",SCAN,0.56875,0,66,233,167,707,167,233,390
shift,78,after,bursty,145,"[84, 172, 91, 150, 96, 91, 89, 84, 79, 89, 74, 70, 91, 84, 80, 90, 83, 90, 85, 87, 89, 80, 90, 95]",SSTF,1.0,1,0,129,129,478,129,317,393
shift,79,after,bursty,70,"[20, 185, 186, 194, 192, 180, 4, 93, 191, 186, 189, 181, 185, 185, 183, 188, 189, 187, 182, 181, 48, 197, 147, 121]",SCAN,0.56875,0,8,267,259,995,259,267,375
shift,80,after,bursty,197,"[171, 174, 166, 169, 168, 175, 118, 152, 167, 158, 177, 174, 170, 167, 176, 154, 163, 149, 175, 160, 162, 175, 167, 171]",SSTF,1.0,1,0,79,79,314,79,79,79
shift,81,after,bursty,118,"[108, 112, 110, 44, 104, 106, 104, 115, 95, 102, 115, 111, 109, 92, 114, 92, 109, 102, 68, 112, 69, 119, 154, 113]",SSTF,1.0,1,0,186,186,535,186,272,397
shift,82,after,bursty,154,"[110, 100, 109, 107, 112, 108, 102, 97, 129, 104, 109, 113, 103, 103, 103, 108, 102, 109, 106, 107, 98, 99, 104, 107]",SSTF,1.0,1,0,57,57,201,57,57,57
shift,83,after,bursty,97,"[121, 113, 125, 119, 129, 124, 119, 113, 122, 117, 148, 122, 49, 128, 126, 159, 119, 122, 125, 113, 117, 119, 112, 119]",SSTF,0.9193548387096774,1,0,172,172,412,172,256,383
shift,84,after,bursty,49,"[105, 47, 43, 50, 45, 57, 45, 44, 50, 50, 156, 52, 51, 41, 53, 155, 43, 51, 50, 53, 56, 61, 8, 61]",SCAN,0.56875,1,0,205,205,734,213,205,397
shift,85,after,bursty,156,"[74, 65, 76, 32, 68, 72, 137, 84, 68, 80, 71, 4, 77, 75, 72, 72, 72, 76, 69, 69, 45, 14, 141, 77]",SSTF,1.0,1,0,152,152,743,152,152,152
shift,86,after,bursty,4,"[174, 188, 195, 185, 176, 187, 187, 182, 169, 186, 176, 174, 199, 179, 184, 174, 180, 182, 188, 56, 190, 129, 101, 185]",SSTF,1.0,1,0,195,195,781,195,203,346
shift,87,after,bursty,199,"[133, 146, 148, 145, 131, 141, 142, 132, 144, 133, 142, 139, 134, 132, 151, 138, 133, 131, 147, 132, 129, 82, 133, 137]",SSTF,1.0,1,0,117,117,336,117,117,117
shift,88,after,bursty,82,"[19, 8, 26, 21, 19, 62, 20, 19, 19, 13, 10, 20, 14, 14, 19, 10, 58, 29, 103, 20, 16, 18, 10, 19]",SSTF,0.9193548387096774,1,0,169,169,481,169,185,377
shift,89,after,bursty,103,"[105, 192, 107, 112, 105, 116, 108, 109, 103, 102, 111, 104, 97, 92, 91, 108, 99, 101, 87, 96, 17, 107, 107, 105]",SSTF,1.0,0,1,296,295,464,296,295,397
shift,90,after,bursty,17,"[40, 49, 47, 46, 32, 45, 50, 47, 40, 46, 35, 65, 47, 49, 33, 43, 45, 35, 52, 120, 50, 36, 45, 35]",SSTF,1.0,1,0,103,103,370,103,137,383
shift,91,after,bursty,120,"[90, 121, 116, 120, 119, 130, 117, 122, 32, 127, 130, 119, 125, 126, 124, 42, 119, 108, 116, 120, 117, 141, 126, 118]",SSTF,1.0,1,0,217,217,540,217,261,397
shift,92,after,bursty,141,"[68, 79, 80, 73, 71, 78, 77, 74, 83, 71, 77, 72, 66, 76, 79, 75, 82, 92, 73, 79, 76, 70, 74, 76]",SSTF,1.0,1,0,75,75,217,75,75,75
shift,93,after,bursty,66,"[9, 28, 34, 11, 166, 30, 23, 26, 32, 17, 192, 151, 31, 40, 34, 27, 29, 129, 20, 16, 20, 39, 35, 21]",SSTF,0.6351351351351351,1,0,240,240,1041,240,258,335
shift,94,after,bursty,192,"[146, 134, 148, 141, 140, 134, 146, 141, 131, 145, 145, 142, 140, 149, 140, 94, 155, 136, 136, 142, 135, 141, 141, 134]",SSTF,1.0,1,0,98,98,302,98,98,98
shift,95,after,bursty,94,"[14, 27, 25, 27, 22, 28, 25, 23, 24, 181, 11, 115, 25, 52, 123, 23, 27, 16, 11, 22, 18, 13, 19, 16]",SSTF,0.6351351351351351,1,0,257,257,882,257,275,377
shift,96,after,bursty,11,"[72, 74, 74, 84, 78, 73, 84, 70, 85, 74, 72, 77, 81, 79, 100, 74, 75, 71, 65, 77, 67, 80, 64, 76]",SSTF,1.0,1,0,89,89,269,89,111,345
shift,97,after,bursty,100,"[77, 32, 127, 79, 83, 61, 90, 79, 84, 83, 84, 89, 78, 86, 72, 89, 78, 83, 90, 87, 85, 87, 97, 92]",SSTF,1.0,1,0,163,163,384,163,227,371
shift,98,after,bursty,127,"[137, 135, 123, 144, 150, 135, 142, 137, 171, 135, 134, 140, 134, 149, 144, 142, 140, 134, 132, 131, 149, 144, 139, 138]",SSTF,1.0,1,0,52,52,223,52,298,394
shift,99,after,bursty,171,"[52, 55, 50, 70, 49, 49, 60, 56, 59, 52, 167, 64, 64, 54, 46, 54, 48, 53, 72, 51, 62, 58, 51, 52]",SSTF,1.0,1,0,125,125,511,125,125,125
