sample,kind,head,requests,label,FCFS,SSTF,SCAN,C-SCAN
0,sequential,89,"[193, 194, 195, 196, 197, 198, 199, 199, 199, 199, 199, 199, 199, 199, 199, 199, 199, 199, 199, 199, 199, 199, 199, 199]",FCFS,110,110,288,294
1,random,19,"[134, 14, 131, 156, 180, 62, 46, 131, 24, 126, 117, 166, 167, 165, 49, 127, 4, 24, 118, 192, 181, 146, 90, 79]",SCAN,1508,223,211,393
2,bursty,189,"[129, 140, 166, 130, 128, 68, 120, 133, 74, 138, 119, 128, 122, 118, 128, 127, 119, 123, 126, 123, 122, 133, 122, 129]",SSTF,480,121,121,121
3,sequential,140,"[78, 81, 84, 87, 90, 93, 96, 99, 102, 105, 108, 111, 114, 117, 120, 123, 126, 129, 132, 135, 138, 141, 144, 147]",FCFS,131,133,287,397
4,random,11,"[24, 138, 75, 94, 68, 16, 19, 54, 92, 115, 82, 109, 160, 29, 5, 10, 136, 179, 8, 111, 15, 47, 14, 131]",SSTF,1378,180,190,395
5,bursty,187,"[83, 78, 78, 77, 75, 66, 79, 73, 179, 79, 172, 71, 56, 55, 75, 184, 80, 59, 81, 67, 70, 86, 79, 77]",SSTF,874,132,132,132
6,sequential,194,"[183, 180, 177, 174, 171, 168, 165, 162, 159, 156, 153, 150, 147, 144, 141, 138, 135, 132, 129, 126, 123, 120, 117, 114]",FCFS,80,80,80,80
7,random,130,"[101, 37, 97, 37, 131, 198, 140, 81, 167, 11, 119, 22, 104, 127, 62, 166, 123, 38, 20, 134, 156, 63, 91, 191]",SSTF,1715,326,328,397
8,bursty,194,"[135, 125, 130, 139, 188, 135, 129, 140, 130, 138, 133, 131, 174, 89, 132, 187, 133, 73, 135, 141, 139, 138, 129, 33]",SSTF,743,161,161,161
9,sequential,63,"[90, 91, 92, 93, 94, 95, 96, 97, 98, 99, 100, 101, 102, 103, 104, 105, 106, 107, 108, 109, 110, 111, 112, 113]",FCFS,50,50,176,371
10,random,147,"[48, 197, 32, 55, 20, 148, 42, 113, 50, 149, 3, 153, 175, 135, 55, 99, 4, 75, 78, 147, 32, 52, 33, 140]",SCAN,1919,350,344,397
11,bursty,25,"[168, 46, 158, 173, 167, 166, 158, 8, 164, 161, 162, 157, 171, 156, 159, 156, 72, 55, 29, 154, 164, 190, 172, 167]",SCAN,1068,293,215,394
12,sequential,33,"[82, 81, 80, 79, 78, 77, 76, 75, 74, 73, 72, 71, 70, 69, 68, 67, 66, 65, 64, 63, 62, 61, 60, 59]",SSTF,72,49,115,372
13,random,44,"[69, 0, 67, 101, 99, 160, 102, 124, 14, 143, 92, 164, 53, 139, 165, 117, 26, 156, 108, 58, 16, 122, 184, 97]",SCAN,1587,324,228,389
14,bursty,80,"[57, 56, 45, 58, 63, 85, 97, 54, 54, 61, 46, 53, 64, 59, 66, 63, 122, 58, 3, 119, 55, 51, 152, 73]",SSTF,727,221,232,393
15,sequential,65,"[199, 199, 199, 199, 199, 199, 199, 199, 199, 199, 199, 199, 199, 199, 199, 199, 199, 199, 199, 199, 199, 199, 199, 199]",FCFS,134,134,264,264
16,random,140,"[49, 86, 119, 117, 117, 189, 135, 165, 126, 199, 103, 60, 8, 104, 180, 87, 129, 68, 182, 128, 113, 31, 117, 48]",SSTF,1410,323,339,373
17,bursty,20,"[137, 141, 137, 21, 141, 124, 122, 122, 127, 48, 129, 129, 123, 142, 136, 135, 125, 139, 59, 132, 132, 70, 128, 139]",SSTF,885,122,162,397
18,sequential,142,"[41, 44, 47, 50, 53, 56, 59, 62, 65, 68, 71, 74, 77, 80, 83, 86, 89, 92, 95, 98, 101, 104, 107, 110]",SSTF,170,101,101,101
19,random,18,"[160, 158, 189, 180, 61, 196, 146, 170, 136, 108, 199, 77, 75, 146, 160, 40, 144, 98, 70, 3, 46, 1, 198, 103]",SSTF,1619,215,217,376
20,bursty,195,"[17, 18, 16, 17, 158, 13, 26, 14, 25, 17, 24, 12, 16, 11, 16, 117, 14, 11, 19, 28, 16, 23, 15, 21]",SSTF,802,184,184,184
21,sequential,43,"[38, 35, 32, 29, 26, 23, 20, 17, 14, 11, 8, 5, 2, 0, 0, 0, 0, 0, 0, 0, 0, 0, 0, 0]",FCFS,43,43,43,43
22,random,80,"[146, 103, 143, 11, 138, 124, 158, 61, 197, 50, 122, 44, 158, 133, 159, 187, 26, 105, 9, 125, 109, 6, 49, 32]",SSTF,1810,265,277,375
23,bursty,160,"[118, 114, 123, 114, 125, 124, 121, 115, 187, 127, 106, 109, 138, 115, 122, 127, 121, 107, 108, 131, 124, 112, 30, 126]",SSTF,546,287,347,371
24,sequential,167,"[183, 180, 177, 174, 171, 168, 165, 162, 159, 156, 153, 150, 147, 144, 141, 138, 135, 132, 129, 126, 123, 120, 117, 114]",FCFS,85,85,350,397
25,random,99,"[7, 52, 180, 83, 140, 190, 11, 199, 97, 146, 167, 118, 34, 27, 95, 57, 153, 95, 108, 40, 176, 95, 181, 47]",SCAN,1926,324,298,389
26,bursty,179,"[47, 48, 166, 44, 58, 50, 54, 44, 39, 54, 57, 54, 48, 65, 45, 49, 52, 40, 1, 53, 56, 42, 67, 54]",SSTF,643,178,178,178
27,sequential,142,"[19, 21, 23, 25, 27, 29, 31, 33, 35, 37, 39, 41, 43, 45, 47, 49, 51, 53, 55, 57, 59, 61, 63, 65]",SSTF,169,123,123,123
28,random,108,"[121, 58, 197, 62, 159, 129, 112, 173, 5, 185, 152, 122, 37, 35, 157, 158, 92, 125, 92, 114, 69, 20, 185, 81]",SSTF,1693,281,305,394
29,bursty,4,"[71, 82, 76, 87, 77, 76, 70, 84, 80, 83, 87, 66, 67, 84, 74, 77, 62, 71, 141, 79, 78, 63, 77, 61]",SSTF,391,137,145,341
30,sequential,155,"[11, 8, 5, 2, 0, 0, 0, 0, 0, 0, 0, 0, 0, 0, 0, 0, 0, 0, 0, 0, 0, 0, 0, 0]",FCFS,155,155,155,155
31,random,70,"[72, 15, 5, 80, 126, 56, 68, 131, 97, 67, 184, 6, 42, 6, 73, 178, 107, 18, 89, 74, 199, 124, 48, 8]",SCAN,1500,323,269,396
32,bursty,106,"[108, 50, 20, 108, 2, 115, 108, 115, 99, 152, 104, 128, 114, 100, 119, 104, 105, 118, 106, 116, 198, 110, 107, 103]",SSTF,827,302,304,397
33,sequential,11,"[183, 185, 187, 189, 191, 193, 195, 197, 199, 199, 199, 199, 199, 199, 199, 199, 199, 199, 199, 199, 199, 199, 199, 199]",FCFS,188,188,210,226
34,random,37,"[81, 15, 129, 158, 56, 126, 124, 53, 88, 63, 73, 198, 78, 21, 30, 18, 190, 28, 88, 74, 39, 100, 107, 175]",SSTF,1470,209,235,396
35,bursty,155,"[96, 103, 103, 102, 110, 116, 104, 109, 121, 109, 114, 104, 110, 109, 126, 114, 120, 100, 107, 102, 107, 102, 118, 111]",SSTF,244,59,59,59
36,sequential,195,"[112, 115, 118, 121, 124, 127, 130, 133, 136, 139, 142, 145, 148, 151, 154, 157, 160, 163, 166, 169, 172, 175, 178, 181]",SSTF,152,83,83,83
37,random,189,"[112, 27, 21, 199, 30, 148, 93, 125, 174, 22, 165, 111, 185, 11, 174, 97, 65, 113, 116, 185, 57, 172, 152, 52]",SSTF,2121,366,388,388
38,bursty,20,"[176, 168, 172, 185, 177, 179, 178, 190, 187, 179, 176, 174, 165, 107, 158, 173, 112, 185, 179, 185, 176, 177, 177, 177]",SSTF,509,170,210,311
39,sequential,156,"[3, 0, 0, 0, 0, 0, 0, 0, 0, 0, 0, 0, 0, 0, 0, 0, 0, 0, 0, 0, 0, 0, 0, 0]",FCFS,156,156,156,156
40,random,163,"[136, 8, 120, 176, 147, 101, 33, 9, 190, 12, 35, 61, 186, 44, 125, 186, 140, 66, 194, 111, 149, 196, 87, 169]",SSTF,1914,221,359,392
41,bursty,37,"[126, 131, 130, 125, 134, 129, 132, 129, 136, 147, 127, 136, 123, 142, 119, 128, 127, 120, 163, 133, 136, 198, 129, 117]",SSTF,458,161,235,318
42,sequential,50,"[4, 5, 6, 7, 8, 9, 10, 11, 12, 13, 14, 15, 16, 17, 18, 19, 20, 21, 22, 23, 24, 25, 26, 27]",SSTF,69,46,46,46
43,random,98,"[44, 101, 146, 14, 49, 71, 189, 54, 52, 34, 62, 20, 95, 16, 175, 75, 137, 20, 54, 174, 117, 14, 38, 84]",SSTF,1664,265,287,395
44,bursty,144,"[29, 29, 27, 33, 22, 22, 15, 21, 25, 144, 25, 25, 32, 189, 18, 33, 27, 24, 27, 138, 25, 190, 20, 25]",SSTF,1315,233,334,353
45,sequential,96,"[87, 90, 93, 96, 99, 102, 105, 108, 111, 114, 117, 120, 123, 126, 129, 132, 135, 138, 141, 144, 147, 150, 153, 156]",FCFS,78,78,252,395
46,random,133,"[140, 167, 136, 80, 37, 198, 185, 110, 48, 90, 9, 124, 192, 186, 92, 182, 97, 38, 80, 77, 60, 167, 79, 13]",SSTF,1438,327,331,395
47,bursty,67,"[107, 31, 148, 6, 97, 94, 89, 102, 134, 100, 35, 94, 47, 99, 97, 90, 90, 16, 83, 95, 100, 87, 96, 98]",SCAN,967,223,215,382
48,sequential,122,"[143, 144, 145, 146, 147, 148, 149, 150, 151, 152, 153, 154, 155, 156, 157, 158, 159, 160, 161, 162, 163, 164, 165, 166]",FCFS,44,44,288,377
49,random,38,"[94, 0, 151, 115, 126, 150, 182, 82, 11, 0, 114, 6, 19, 59, 183, 96, 185, 123, 143, 43, 39, 9, 162, 191]",SCAN,1559,344,229,397
50,bursty,44,"[33, 25, 33, 32, 30, 27, 33, 37, 34, 16, 28, 40, 34, 39, 34, 35, 28, 37, 139, 35, 123, 46, 31, 29]",SSTF,509,155,183,396
51,sequential,36,"[130, 127, 124, 121, 118, 115, 112, 109, 106, 103, 100, 97, 94, 91, 88, 85, 82, 79, 76, 73, 70, 67, 64, 61]",SSTF,163,94,166,373
52,random,116,"[62, 42, 61, 79, 133, 59, 100, 3, 148, 20, 150, 133, 69, 4, 139, 151, 20, 41, 26, 9, 60, 13, 108, 32]",SSTF,1526,261,267,381
53,bursty,76,"[123, 129, 135, 132, 123, 123, 132, 162, 128, 151, 122, 133, 129, 122, 103, 132, 125, 121, 125, 128, 134, 125, 125, 136]",SSTF,310,86,238,371
54,sequential,64,"[64, 62, 60, 58, 56, 54, 52, 50, 48, 46, 44, 42, 40, 38, 36, 34, 32, 30, 28, 26, 24, 22, 20, 18]",FCFS,46,46,46,46
55,random,108,"[183, 60, 41, 116, 170, 53, 195, 4, 191, 124, 10, 36, 51, 125, 16, 163, 120, 150, 94, 185, 61, 75, 12, 170]",SSTF,2114,278,303,390
56,bursty,183,"[34, 40, 52, 37, 43, 99, 56, 56, 47, 43, 43, 45, 30, 53, 41, 47, 38, 119, 42, 33, 44, 48, 36, 45]",SSTF,570,153,153,153
57,sequential,188,"[180, 182, 184, 186, 188, 190, 192, 194, 196, 198, 199, 199, 199, 199, 199, 199, 199, 199, 199, 199, 199, 199, 199, 199]",FCFS,27,27,387,396
58,random,183,"[166, 85, 93, 52, 179, 38, 58, 48, 17, 88, 131, 22, 53, 6, 106, 65, 19, 161, 131, 111, 147, 137, 23, 193]",SSTF,1486,364,376,388
59,bursty,197,"[88, 88, 75, 126, 83, 83, 81, 83, 82, 83, 79, 94, 87, 162, 2, 74, 79, 71, 89, 84, 85, 104, 71, 86]",SSTF,659,195,195,195
60,sequential,90,"[164, 162, 160, 158, 156, 154, 152, 150, 148, 146, 144, 142, 140, 138, 136, 134, 132, 130, 128, 126, 124, 122, 120, 118]",SSTF,120,74,254,370
61,random,61,"[69, 191, 122, 147, 109, 11, 120, 158, 39, 45, 161, 26, 22, 68, 116, 152, 47, 50, 30, 63, 65, 24, 105, 44]",SSTF,1363,246,252,396
62,bursty,24,"[45, 29, 36, 34, 37, 29, 20, 128, 20, 27, 33, 19, 113, 33, 21, 164, 198, 176, 27, 22, 26, 196, 23, 28]",SSTF,1200,184,222,396
63,sequential,74,"[96, 95, 94, 93, 92, 91, 90, 89, 88, 87, 86, 85, 84, 83, 82, 81, 80, 79, 78, 77, 76, 75, 74, 73]",FCFS,45,45,170,397
64,random,4,"[58, 176, 167, 140, 9, 75, 182, 51, 22, 82, 59, 119, 176, 64, 112, 86, 46, 163, 143, 45, 184, 40, 43, 138]",SSTF,1714,180,188,393
65,bursty,169,"[182, 182, 174, 182, 171, 172, 187, 192, 176, 186, 189, 173, 167, 188, 170, 172, 187, 174, 74, 25, 188, 190, 166, 179]",SSTF,532,190,361,397
66,sequential,28,"[67, 66, 65, 64, 63, 62, 61, 60, 59, 58, 57, 56, 55, 54, 53, 52, 51, 50, 49, 48, 47, 46, 45, 44]",SSTF,62,39,95,382
67,random,51,"[9, 125, 155, 37, 169, 115, 43, 158, 100, 56, 78, 45, 48, 101, 101, 39, 16, 18, 0, 105, 44, 24, 36, 153]",SSTF,1312,220,220,393
68,bursty,131,"[51, 56, 62, 53, 55, 54, 55, 18, 62, 51, 67, 57, 57, 56, 50, 62, 52, 55, 55, 64, 44, 55, 49, 154]",SSTF,405,159,285,375
69,sequential,156,"[29, 31, 33, 35, 37, 39, 41, 43, 45, 47, 49, 51, 53, 55, 57, 59, 61, 63, 65, 67, 69, 71, 73, 75]",SSTF,173,127,127,127
70,random,181,"[171, 6, 121, 181, 170, 31, 92, 100, 99, 142, 21, 27, 159, 133, 97, 137, 188, 79, 158, 37, 134, 65, 19, 28]",SSTF,1555,189,369,391
71,bursty,22,"[128, 105, 120, 187, 129, 132, 129, 122, 123, 132, 132, 133, 131, 119, 142, 131, 118, 131, 129, 117, 120, 136, 120, 125]",SSTF,421,165,209,315
72,sequential,113,"[197, 194, 191, 188, 185, 182, 179, 176, 173, 170, 167, 164, 161, 158, 155, 152, 149, 146, 143, 140, 137, 134, 131, 128]",SSTF,153,84,310,383
73,random,30,"[149, 10, 58, 168, 99, 184, 122, 54, 90, 112, 197, 168, 4, 26, 8, 30, 169, 73, 20, 84, 153, 24, 15, 129]",SSTF,1771,219,227,374
74,bursty,191,"[37, 43, 40, 45, 39, 59, 48, 35, 54, 45, 36, 177, 36, 43, 45, 36, 53, 45, 37, 36, 38, 52, 29, 41]",SSTF,640,162,162,162
75,sequential,42,"[123, 124, 125, 126, 127, 128, 129, 130, 131, 132, 133, 134, 135, 136, 137, 138, 139, 140, 141, 142, 143, 144, 145, 146]",FCFS,104,104,188,317
76,random,20,"[178, 156, 138, 112, 140, 124, 57, 155, 28, 128, 169, 35, 77, 78, 28, 86, 110, 124, 151, 168, 194, 18, 50, 171]",SSTF,1423,178,214,390
77,bursty,119,"[153, 151, 163, 154, 158, 21, 158, 156, 150, 95, 161, 168, 158, 166, 155, 156, 163, 140, 149, 147, 134, 161, 142, 157]",SSTF,616,196,287,383
78,sequential,99,"[127, 126, 125, 124, 123, 122, 121, 120, 119, 118, 117, 116, 115, 114, 113, 112, 111, 110, 109, 108, 107, 106, 105, 104]",SSTF,51,28,226,393
79,random,124,"[23, 119, 57, 9, 90, 63, 170, 6, 73, 119, 37, 184, 13, 2, 98, 0, 154, 158, 157, 177, 4, 29, 99, 98]",SSTF,1852,308,308,368
80,bursty,2,"[31, 29, 38, 19, 30, 26, 37, 25, 35, 25, 70, 42, 38, 36, 31, 41, 42, 36, 33, 27, 42, 35, 31, 46]",SSTF,268,68,72,381
81,sequential,11,"[155, 153, 151, 149, 147, 145, 143, 141, 139, 137, 135, 133, 131, 129, 127, 125, 123, 121, 119, 117, 115, 113, 111, 109]",SSTF,190,144,166,300
82,random,169,"[24, 65, 106, 6, 121, 45, 92, 171, 20, 30, 139, 47, 181, 95, 171, 128, 105, 61, 171, 165, 153, 86, 137, 129]",SSTF,1666,342,350,396
83,bursty,127,"[56, 53, 62, 183, 145, 62, 65, 62, 58, 61, 27, 47, 65, 60, 63, 54, 63, 55, 56, 57, 64, 47, 159, 64]",SSTF,677,212,310,380
84,sequential,17,"[6, 4, 2, 0, 0, 0, 0, 0, 0, 0, 0, 0, 0, 0, 0, 0, 0, 0, 0, 0, 0, 0, 0, 0]",FCFS,17,17,17,17
85,random,13,"[63, 188, 167, 44, 124, 146, 108, 136, 181, 15, 105, 83, 92, 99, 23, 44, 193, 180, 189, 9, 67, 163, 0, 121]",SCAN,1712,210,206,396
86,bursty,154,"[104, 91, 197, 99, 101, 110, 37, 91, 101, 101, 107, 92, 103, 98, 99, 99, 117, 178, 93, 91, 106, 102, 98, 104]",SSTF,648,203,351,374
87,sequential,9,"[124, 127, 130, 133, 136, 139, 142, 145, 148, 151, 154, 157, 160, 163, 166, 169, 172, 175, 178, 181, 184, 187, 190, 193]",FCFS,184,184,202,283
88,random,21,"[2, 19, 80, 26, 151, 14, 32, 35, 129, 20, 143, 71, 40, 181, 194, 162, 18, 175, 158, 15, 120, 93, 23, 170]",SCAN,1859,379,215,396
89,bursty,4,"[176, 171, 175, 167, 169, 175, 175, 172, 179, 43, 179, 178, 180, 183, 169, 199, 183, 172, 181, 179, 184, 177, 174, 172]",SSTF,584,195,203,359
90,sequential,151,"[164, 163, 162, 161, 160, 159, 158, 157, 156, 155, 154, 153, 152, 151, 150, 149, 148, 147, 146, 145, 144, 143, 142, 141]",FCFS,36,36,315,397
91,random,5,"[50, 120, 167, 11, 51, 90, 57, 144, 81, 102, 47, 104, 141, 75, 144, 20, 181, 194, 46, 146, 107, 157, 6, 148]",SSTF,1813,189,199,397
92,bursty,185,"[91, 72, 84, 78, 77, 82, 98, 83, 76, 135, 81, 196, 79, 74, 85, 77, 84, 89, 70, 73, 81, 73, 81, 75]",SSTF,608,137,381,387
93,sequential,151,"[20, 19, 18, 17, 16, 15, 14, 13, 12, 11, 10, 9, 8, 7, 6, 5, 4, 3, 2, 1, 0, 0, 0, 0]",FCFS,151,151,151,151
94,random,172,"[195, 181, 191, 12, 191, 198, 20, 144, 144, 192, 119, 112, 91, 132, 198, 112, 69, 20, 120, 126, 60, 145, 42, 31]",SSTF,1519,212,370,389
95,bursty,134,"[92, 99, 143, 96, 85, 89, 98, 92, 84, 6, 90, 91, 79, 86, 87, 86, 92, 81, 88, 81, 182, 89, 81, 81]",SSTF,595,224,316,389
96,sequential,137,"[23, 20, 17, 14, 11, 8, 5, 2, 0, 0, 0, 0, 0, 0, 0, 0, 0, 0, 0, 0, 0, 0, 0, 0]",FCFS,137,137,137,137
97,random,75,"[9, 92, 124, 177, 153, 82, 175, 100, 185, 23, 25, 79, 89, 177, 107, 178, 174, 67, 70, 119, 25, 72, 25, 102]",SCAN,1467,302,260,394
98,bursty,123,"[149, 104, 152, 38, 155, 149, 152, 160, 27, 145, 150, 142, 184, 150, 0, 157, 162, 148, 156, 151, 185, 98, 148, 154]",SSTF,1223,297,308,379
99,sequential,103,"[189, 186, 183, 180, 177, 174, 171, 168, 165, 162, 159, 156, 153, 150, 147, 144, 141, 138, 135, 132, 129, 126, 123, 120]",SSTF,155,86,292,381
100,random,185,"[80, 175, 5, 170, 105, 15, 78, 72, 74, 31, 172, 10, 190, 45, 34, 128, 126, 53, 36, 117, 47, 72, 30, 31]",SSTF,1848,190,375,393
101,bursty,99,"[77, 73, 67, 152, 66, 68, 70, 83, 74, 65, 79, 70, 28, 75, 69, 17, 69, 70, 62, 74, 64, 69, 63, 126]",SSTF,565,217,251,371
102,sequential,161,"[48, 45, 42, 39, 36, 33, 30, 27, 24, 21, 18, 15, 12, 9, 6, 3, 0, 0, 0, 0, 0, 0, 0, 0]",FCFS,161,161,161,161
103,random,42,"[85, 102, 66, 87, 178, 31, 135, 143, 144, 5, 2, 175, 13, 186, 13, 141, 190, 95, 8, 52, 85, 162, 158, 13]",SCAN,1953,336,232,388
104,bursty,91,"[166, 166, 167, 164, 165, 176, 169, 45, 166, 158, 175, 170, 177, 162, 179, 172, 176, 171, 178, 169, 162, 168, 179, 175]",SSTF,472,180,270,331
105,sequential,82,"[189, 186, 183, 180, 177, 174, 171, 168, 165, 162, 159, 156, 153, 150, 147, 144, 141, 138, 135, 132, 129, 126, 123, 120]",SSTF,176,107,271,360
106,random,121,"[102, 89, 35, 46, 111, 113, 63, 22, 64, 128, 111, 94, 140, 67, 198, 187, 8, 31, 45, 111, 9, 99, 145, 69]",SCAN,1252,351,319,391
107,bursty,70,"[94, 86, 87, 90, 102, 78, 96, 84, 99, 91, 81, 85, 82, 84, 101, 86, 83, 95, 92, 90, 96, 93, 161, 90]",SSTF,344,91,231,390
108,sequential,37,"[28, 26, 24, 22, 20, 18, 16, 14, 12, 10, 8, 6, 4, 2, 0, 0, 0, 0, 0, 0, 0, 0, 0, 0]",FCFS,37,37,37,37
109,random,72,"[57, 115, 79, 35, 177, 59, 127, 73, 187, 70, 146, 9, 37, 29, 84, 30, 44, 107, 114, 67, 93, 110, 159, 194]",SSTF,1382,250,266,397
110,bursty,10,"[39, 37, 39, 32, 47, 27, 34, 29, 37, 31, 41, 31, 42, 47, 44, 50, 31, 44, 36, 45, 41, 36, 42, 41]",SSTF,211,40,60,381
111,sequential,6,"[166, 167, 168, 169, 170, 171, 172, 173, 174, 175, 176, 177, 178, 179, 180, 181, 182, 183, 184, 185, 186, 187, 188, 189]",FCFS,183,183,195,238
112,random,153,"[157, 135, 197, 191, 3, 9, 89, 50, 114, 122, 91, 130, 180, 176, 98, 109, 118, 27, 116, 165, 192, 193, 37, 88]",SSTF,1165,238,350,394
113,bursty,175,"[73, 73, 73, 72, 71, 69, 65, 83, 71, 72, 76, 66, 91, 55, 82, 81, 92, 86, 73, 83, 78, 69, 69, 75]",SSTF,304,120,120,120
114,sequential,109,"[117, 115, 113, 111, 109, 107, 105, 103, 101, 99, 97, 95, 93, 91, 89, 87, 85, 83, 81, 79, 77, 75, 73, 71]",FCFS,54,54,226,396
115,random,173,"[19, 10, 167, 94, 160, 108, 54, 199, 88, 50, 151, 71, 99, 0, 102, 55, 148, 79, 64, 71, 151, 91, 151, 141]",SSTF,1710,372,372,372
116,bursty,139,"[67, 71, 77, 75, 75, 46, 70, 24, 67, 65, 68, 63, 64, 73, 72, 79, 100, 71, 175, 83, 81, 74, 69, 63]",SSTF,520,187,314,362
117,sequential,44,"[197, 199, 199, 199, 199, 199, 199, 199, 199, 199, 199, 199, 199, 199, 199, 199, 199, 199, 199, 199, 199, 199, 199, 199]",FCFS,155,155,243,245
118,random,175,"[20, 64, 45, 16, 140, 147, 136, 182, 165, 159, 46, 171, 128, 36, 103, 180, 8, 186, 109, 154, 38, 196, 116, 23]",SSTF,1894,355,371,393
119,bursty,5,"[116, 21, 7, 40, 7, 13, 3, 7, 5, 46, 10, 9, 6, 7, 5, 1, 12, 10, 2, 9, 12, 12, 6, 5]",SCAN,434,151,121,397
120,sequential,39,"[41, 42, 43, 44, 45, 46, 47, 48, 49, 50, 51, 52, 53, 54, 55, 56, 57, 58, 59, 60, 61, 62, 63, 64]",FCFS,25,25,103,396
121,random,65,"[77, 92, 37, 70, 2, 19, 129, 127, 19, 171, 121, 108, 124, 199, 186, 44, 147, 75, 144, 22, 182, 176, 23, 184]",SCAN,1727,331,264,393
122,bursty,92,"[171, 37, 156, 167, 156, 165, 159, 161, 153, 150, 170, 170, 20, 175, 162, 154, 166, 186, 165, 5, 70, 161, 161, 155]",SSTF,1103,268,278,340
123,sequential,180,"[107, 108, 109, 110, 111, 112, 113, 114, 115, 116, 117, 118, 119, 120, 121, 122, 123, 124, 125, 126, 127, 128, 129, 130]",SSTF,96,73,73,73
124,random,76,"[91, 180, 128, 155, 91, 62, 155, 36, 73, 94, 17, 162, 151, 133, 185, 4, 60, 188, 46, 156, 6, 83, 159, 76]",SCAN,1852,298,264,391
125,bursty,164,"[57, 51, 51, 107, 60, 52, 45, 43, 63, 68, 49, 54, 47, 55, 61, 49, 180, 47, 56, 57, 33, 102, 56, 50]",SSTF,734,163,344,382
126,sequential,175,"[198, 195, 192, 189, 186, 183, 180, 177, 174, 171, 168, 165, 162, 159, 156, 153, 150, 147, 144, 141, 138, 135, 132, 129]",FCFS,92,94,373,396
127,random,169,"[77, 143, 112, 32, 66, 58, 46, 132, 54, 91, 27, 95, 134, 187, 186, 19, 65, 80, 119, 145, 49, 118, 109, 49]",SSTF,1276,186,356,381
128,bursty,51,"[113, 117, 127, 129, 126, 120, 112, 121, 133, 63, 123, 118, 120, 118, 124, 127, 131, 124, 116, 118, 129, 117, 122, 113]",SSTF,322,82,184,386
129,sequential,33,"[146, 149, 152, 155, 158, 161, 164, 167, 170, 173, 176, 179, 182, 185, 188, 191, 194, 197, 199, 199, 199, 199, 199, 199]",FCFS,166,166,232,285
130,random,128,"[91, 154, 90, 135, 185, 185, 156, 78, 118, 125, 161, 18, 6, 178, 26, 55, 34, 97, 42, 50, 175, 42, 10, 21]",SSTF,1405,256,313,391
131,bursty,165,"[88, 90, 83, 82, 137, 89, 99, 92, 77, 28, 83, 80, 95, 89, 77, 80, 98, 192, 91, 98, 89, 169, 91, 116]",SSTF,777,191,357,394
132,sequential,125,"[99, 98, 97, 96, 95, 94, 93, 92, 91, 90, 89, 88, 87, 86, 85, 84, 83, 82, 81, 80, 79, 78, 77, 76]",FCFS,49,49,49,49
133,random,18,"[65, 129, 101, 19, 157, 148, 3, 107, 108, 50, 23, 128, 30, 49, 150, 56, 93, 109, 116, 131, 105, 170, 171, 106]",SCAN,1352,321,189,397
134,bursty,128,"[168, 163, 69, 188, 168, 172, 180, 160, 168, 172, 175, 118, 174, 171, 173, 57, 163, 172, 167, 186, 167, 169, 172, 162]",SSTF,732,211,316,366
135,sequential,12,"[54, 56, 58, 60, 62, 64, 66, 68, 70, 72, 74, 76, 78, 80, 82, 84, 86, 88, 90, 92, 94, 96, 98, 100]",FCFS,88,88,112,356
136,random,89,"[10, 113, 2, 52, 56, 59, 109, 3, 81, 149, 38, 101, 88, 117, 42, 118, 24, 40, 140, 160, 172, 148, 126, 124]",SCAN,1309,269,261,386
137,bursty,5,"[141, 151, 185, 136, 151, 149, 145, 143, 132, 145, 153, 159, 158, 154, 164, 129, 145, 140, 152, 191, 152, 138, 152, 138]",SSTF,493,186,196,274
138,sequential,5,"[189, 190, 191, 192, 193, 194, 195, 196, 197, 198, 199, 199, 199, 199, 199, 199, 199, 199, 199, 199, 199, 199, 199, 199]",FCFS,194,194,204,214
139,random,87,"[89, 97, 49, 111, 152, 5, 47, 86, 90, 190, 114, 145, 185, 68, 9, 51, 74, 144, 124, 42, 64, 168, 54, 183]",SCAN,1422,290,277,396
140,bursty,106,"[107, 107, 101, 115, 100, 21, 109, 106, 106, 97, 176, 109, 95, 108, 96, 93, 107, 95, 55, 103, 101, 105, 103, 110]",SSTF,532,258,282,397
141,sequential,100,"[123, 122, 121, 120, 119, 118, 117, 116, 115, 114, 113, 112, 111, 110, 109, 108, 107, 106, 105, 104, 103, 102, 101, 100]",SSTF,46,23,223,397
142,random,134,"[151, 43, 43, 43, 79, 154, 100, 45, 114, 53, 193, 36, 191, 90, 104, 164, 77, 37, 16, 184, 30, 121, 125, 81]",SSTF,1711,295,327,381
143,bursty,162,"[180, 174, 161, 177, 174, 178, 163, 167, 165, 163, 171, 175, 51, 165, 163, 170, 167, 171, 171, 173, 171, 21, 165, 54]",SSTF,758,179,342,397
144,sequential,64,"[190, 187, 184, 181, 178, 175, 172, 169, 166, 163, 160, 157, 154, 151, 148, 145, 142, 139, 136, 133, 130, 127, 124, 121]",SSTF,195,126,254,341
145,random,96,"[47, 82, 193, 163, 32, 125, 35, 197, 1, 48, 23, 32, 159, 64, 106, 108, 105, 8, 103, 129, 130, 50, 76, 17]",SCAN,1631,297,293,391
146,bursty,73,"[32, 14, 184, 30, 29, 26, 29, 32, 31, 43, 25, 178, 23, 22, 36, 32, 118, 21, 30, 96, 29, 26, 120, 15]",SCAN,1278,281,257,375
147,sequential,124,"[88, 85, 82, 79, 76, 73, 70, 67, 64, 61, 58, 55, 52, 49, 46, 43, 40, 37, 34, 31, 28, 25, 22, 19]",FCFS,105,105,105,105
148,random,176,"[80, 82, 115, 7, 162, 32, 132, 185, 78, 27, 83, 7, 192, 19, 21, 140, 34, 40, 16, 138, 17, 74, 130, 117]",SSTF,1951,201,368,389
149,bursty,94,"[64, 65, 54, 59, 114, 57, 55, 63, 56, 45, 55, 53, 57, 49, 59, 55, 51, 54, 53, 65, 61, 53, 58, 177]",SSTF,381,221,271,378
150,sequential,62,"[92, 91, 90, 89, 88, 87, 86, 85, 84, 83, 82, 81, 80, 79, 78, 77, 76, 75, 74, 73, 72, 71, 70, 69]",SSTF,53,30,154,391
151,random,41,"[121, 167, 191, 31, 22, 111, 56, 69, 109, 188, 125, 74, 166, 33, 139, 157, 151, 13, 71, 192, 178, 105, 41, 146]",SSTF,1637,207,233,383
152,bursty,48,"[19, 177, 67, 69, 65, 119, 69, 70, 73, 65, 70, 59, 65, 79, 66, 54, 73, 78, 65, 62, 55, 71, 167, 63]",SCAN,743,287,225,392
153,sequential,170,"[89, 87, 85, 83, 81, 79, 77, 75, 73, 71, 69, 67, 65, 63, 61, 59, 57, 55, 53, 51, 49, 47, 45, 43]",FCFS,127,127,127,127
154,random,33,"[42, 117, 37, 99, 142, 29, 163, 1, 78, 134, 38, 132, 33, 33, 190, 162, 144, 10, 86, 22, 147, 66, 142, 197]",SCAN,1914,246,230,394
155,bursty,7,"[126, 156, 156, 156, 154, 155, 154, 168, 152, 175, 150, 147, 151, 152, 145, 149, 166, 149, 16, 152, 148, 154, 151, 150]",SSTF,567,168,182,389
156,sequential,11,"[196, 193, 190, 187, 184, 181, 178, 175, 172, 169, 166, 163, 160, 157, 154, 151, 148, 145, 142, 139, 136, 133, 130, 127]",SSTF,254,185,207,282
157,random,30,"[185, 7, 15, 106, 18, 164, 61, 15, 103, 67, 13, 49, 183, 115, 19, 45, 0, 195, 145, 198, 186, 74, 81, 192]",SSTF,1938,228,228,383
158,bursty,177,"[105, 176, 189, 189, 197, 189, 198, 191, 192, 198, 181, 180, 194, 176, 190, 190, 179, 184, 195, 187, 189, 188, 190, 185]",SSTF,304,116,375,396
159,sequential,162,"[82, 81, 80, 79, 78, 77, 76, 75, 74, 73, 72, 71, 70, 69, 68, 67, 66, 65, 64, 63, 62, 61, 60, 59]",FCFS,103,103,103,103
160,random,34,"[140, 192, 0, 173, 92, 153, 51, 38, 167, 197, 139, 102, 11, 109, 136, 104, 184, 25, 107, 60, 109, 181, 178, 108]",SCAN,1844,360,231,394
161,bursty,148,"[97, 53, 105, 113, 114, 105, 117, 111, 115, 114, 120, 112, 116, 111, 125, 111, 115, 115, 6, 121, 163, 119, 123, 52]",SSTF,628,172,311,383
162,sequential,78,"[4, 3, 2, 1, 0, 0, 0, 0, 0, 0, 0, 0, 0, 0, 0, 0, 0, 0, 0, 0, 0, 0, 0, 0]",FCFS,78,78,78,78
163,random,168,"[98, 97, 23, 61, 7, 199, 147, 0, 76, 140, 159, 108, 157, 119, 140, 39, 54, 107, 165, 148, 85, 117, 189, 128]",SSTF,1418,367,367,377
164,bursty,191,"[89, 117, 82, 75, 72, 91, 89, 78, 81, 82, 82, 78, 79, 84, 86, 74, 142, 88, 86, 92, 89, 81, 79, 88]",SSTF,387,119,119,119
165,sequential,136,"[27, 26, 25, 24, 23, 22, 21, 20, 19, 18, 17, 16, 15, 14, 13, 12, 11, 10, 9, 8, 7, 6, 5, 4]",FCFS,132,132,132,132
166,random,195,"[124, 131, 163, 145, 35, 43, 137, 118, 2, 136, 165, 54, 161, 162, 66, 28, 190, 85, 44, 114, 25, 129, 60, 152]",SSTF,1723,193,193,193
167,bursty,3,"[61, 63, 60, 39, 71, 68, 58, 71, 54, 56, 59, 50, 59, 190, 64, 34, 57, 150, 56, 51, 57, 56, 59, 54]",SSTF,699,187,193,367
168,sequential,38,"[28, 26, 24, 22, 20, 18, 16, 14, 12, 10, 8, 6, 4, 2, 0, 0, 0, 0, 0, 0, 0, 0, 0, 0]",FCFS,38,38,38,38
169,random,176,"[182, 107, 101, 152, 24, 184, 78, 67, 66, 122, 21, 173, 199, 178, 129, 64, 153, 77, 117, 103, 44, 149, 12, 114]",SSTF,1636,367,375,396
170,bursty,123,"[168, 172, 161, 165, 158, 176, 170, 165, 165, 175, 176, 184, 168, 76, 169, 50, 164, 172, 167, 170, 166, 164, 120, 170]",SSTF,669,201,307,363
171,sequential,91,"[139, 141, 143, 145, 147, 149, 151, 153, 155, 157, 159, 161, 163, 165, 167, 169, 171, 173, 175, 177, 179, 181, 183, 185]",FCFS,94,94,276,350
172,random,62,"[41, 95, 84, 18, 57, 164, 22, 5, 159, 131, 117, 196, 30, 77, 48, 154, 198, 30, 114, 89, 161, 2, 198, 175]",SSTF,1851,256,260,383
173,bursty,40,"[108, 117, 117, 122, 119, 64, 113, 32, 112, 129, 112, 122, 116, 44, 54, 125, 114, 112, 118, 119, 127, 31, 119, 112]",SSTF,772,155,169,394
174,sequential,93,"[44, 42, 40, 38, 36, 34, 32, 30, 28, 26, 24, 22, 20, 18, 16, 14, 12, 10, 8, 6, 4, 2, 0, 0]",FCFS,93,93,93,93
175,random,67,"[44, 179, 125, 84, 21, 32, 0, 86, 34, 13, 92, 104, 123, 162, 27, 58, 152, 147, 177, 35, 28, 37, 34, 148]",SSTF,1237,246,246,381
176,bursty,187,"[41, 47, 33, 46, 48, 51, 45, 47, 41, 86, 46, 106, 36, 3, 46, 44, 19, 43, 46, 46, 139, 53, 37, 48]",SSTF,749,184,184,184
177,sequential,114,"[130, 129, 128, 127, 126, 125, 124, 123, 122, 121, 120, 119, 118, 117, 116, 115, 114, 113, 112, 111, 110, 109, 108, 107]",FCFS,39,39,244,397
178,random,106,"[176, 45, 155, 121, 100, 57, 52, 94, 197, 185, 132, 181, 163, 145, 59, 153, 166, 48, 72, 7, 86, 183, 96, 19]",SSTF,1449,289,303,383
179,bursty,164,"[88, 93, 97, 84, 85, 87, 93, 18, 91, 85, 94, 82, 97, 85, 90, 90, 86, 84, 96, 10, 92, 82, 83, 82]",SSTF,512,154,154,154
180,sequential,72,"[170, 168, 166, 164, 162, 160, 158, 156, 154, 152, 150, 148, 146, 144, 142, 140, 138, 136, 134, 132, 130, 128, 126, 124]",SSTF,144,98,242,346
181,random,4,"[29, 78, 99, 117, 148, 145, 81, 102, 174, 186, 23, 119, 43, 180, 34, 104, 99, 55, 37, 17, 77, 127, 27, 20]",SSTF,1308,182,190,385
182,bursty,44,"[172, 174, 175, 181, 185, 168, 173, 178, 176, 184, 172, 183, 70, 185, 110, 178, 167, 178, 177, 175, 177, 180, 182, 118]",SSTF,668,141,229,372
183,sequential,128,"[184, 185, 186, 187, 188, 189, 190, 191, 192, 193, 194, 195, 196, 197, 198, 199, 199, 199, 199, 199, 199, 199, 199, 199]",FCFS,71,71,327,342
184,random,96,"[17, 47, 113, 58, 11, 73, 26, 153, 102, 174, 197, 148, 139, 167, 196, 163, 92, 122, 65, 89, 68, 90, 59, 164]",SCAN,1168,301,293,392
185,bursty,43,"[117, 113, 119, 120, 117, 106, 114, 110, 116, 115, 112, 113, 73, 119, 109, 105, 108, 109, 160, 104, 131, 121, 118, 111]",SSTF,380,117,203,368
186,sequential,181,"[1, 4, 7, 10, 13, 16, 19, 22, 25, 28, 31, 34, 37, 40, 43, 46, 49, 52, 55, 58, 61, 64, 67, 70]",SSTF,249,180,180,180
187,random,36,"[64, 151, 27, 18, 51, 58, 178, 177, 70, 117, 152, 141, 59, 153, 50, 10, 71, 117, 10, 40, 45, 78, 2, 114]",SCAN,1398,318,214,394
188,bursty,198,"[15, 23, 26, 16, 13, 21, 24, 21, 17, 24, 12, 12, 21, 19, 19, 15, 87, 32, 125, 18, 144, 10, 21, 22]",SSTF,858,188,188,188
189,sequential,25,"[188, 189, 190, 191, 192, 193, 194, 195, 196, 197, 198, 199, 199, 199, 199, 199, 199, 199, 199, 199, 199, 199, 199, 199]",FCFS,174,174,224,235
190,random,116,"[16, 182, 137, 151, 56, 24, 127, 83, 7, 129, 131, 48, 27, 22, 1, 103, 77, 185, 10, 150, 77, 192, 158, 178]",SSTF,1722,267,308,387
191,bursty,34,"[160, 155, 172, 153, 167, 170, 157, 163, 157, 146, 74, 158, 167, 178, 167, 170, 163, 39, 160, 162, 161, 150, 165, 158]",SSTF,698,144,212,393
192,sequential,63,"[102, 105, 108, 111, 114, 117, 120, 123, 126, 129, 132, 135, 138, 141, 144, 147, 150, 153, 156, 159, 162, 165, 168, 171]",FCFS,108,108,234,359
193,random,24,"[90, 62, 180, 53, 24, 141, 118, 101, 195, 38, 32, 139, 94, 110, 130, 94, 51, 123, 52, 60, 81, 88, 128, 87]",SSTF,1309,171,219,390
194,bursty,85,"[138, 142, 156, 143, 149, 145, 133, 152, 156, 152, 130, 146, 64, 137, 141, 146, 140, 143, 140, 144, 140, 149, 149, 141]",SSTF,372,113,241,353
195,sequential,5,"[74, 71, 68, 65, 62, 59, 56, 53, 50, 47, 44, 41, 38, 35, 32, 29, 26, 23, 20, 17, 14, 11, 8, 5]",SSTF,138,69,79,395
196,random,170,"[76, 6, 94, 13, 50, 165, 168, 124, 129, 71, 80, 14, 29, 18, 82, 102, 111, 47, 161, 125, 51, 35, 172, 65]",SSTF,1337,186,342,396
197,bursty,88,"[36, 53, 36, 52, 49, 39, 48, 45, 148, 45, 46, 46, 53, 50, 38, 56, 43, 49, 39, 43, 47, 159, 47, 34]",SSTF,648,179,247,338
198,sequential,195,"[68, 71, 74, 77, 80, 83, 86, 89, 92, 95, 98, 101, 104, 107, 110, 113, 116, 119, 122, 125, 128, 131, 134, 137]",SSTF,196,127,127,127
199,random,13,"[30, 197, 189, 21, 167, 148, 194, 68, 50, 84, 186, 74, 42, 157, 48, 68, 186, 66, 74, 181, 118, 82, 180, 153]",SSTF,1816,184,210,390
200,bursty,117,"[36, 35, 14, 167, 23, 16, 35, 27, 23, 22, 107, 29, 30, 147, 28, 31, 34, 34, 29, 28, 27, 31, 32, 31]",SSTF,858,223,284,368
201,sequential,184,"[113, 114, 115, 116, 117, 118, 119, 120, 121, 122, 123, 124, 125, 126, 127, 128, 129, 130, 131, 132, 133, 134, 135, 136]",SSTF,94,71,71,71
202,random,179,"[169, 2, 44, 52, 144, 84, 134, 128, 85, 72, 186, 135, 83, 184, 153, 181, 155, 199, 197, 159, 13, 16, 162, 114]",SSTF,1321,217,378,396
203,bursty,108,"[44, 86, 55, 53, 59, 7, 52, 140, 59, 49, 117, 45, 192, 56, 44, 56, 56, 64, 147, 54, 66, 63, 55, 53]",SSTF,1077,269,300,389
204,sequential,83,"[110, 109, 108, 107, 106, 105, 104, 103, 102, 101, 100, 99, 98, 97, 96, 95, 94, 93, 92, 91, 90, 89, 88, 87]",SSTF,50,27,193,394
205,random,177,"[26, 7, 127, 173, 158, 139, 116, 91, 28, 64, 172, 68, 183, 40, 0, 87, 150, 36, 20, 37, 88, 31, 58, 182]",SSTF,1583,199,360,393
206,bursty,108,"[23, 45, 44, 28, 39, 25, 73, 29, 37, 36, 42, 38, 33, 30, 38, 4, 121, 30, 25, 47, 36, 35, 137, 28]",SSTF,768,162,245,385
207,sequential,37,"[28, 27, 26, 25, 24, 23, 22, 21, 20, 19, 18, 17, 16, 15, 14, 13, 12, 11, 10, 9, 8, 7, 6, 5]",FCFS,32,32,32,32
208,random,160,"[75, 25, 20, 115, 144, 161, 109, 156, 178, 114, 73, 51, 90, 20, 4, 9, 163, 48, 4, 53, 180, 141, 167, 131]",SCAN,1249,346,340,397
209,bursty,131,"[182, 173, 174, 169, 198, 140, 186, 96, 182, 179, 184, 171, 185, 189, 182, 186, 97, 180, 181, 181, 181, 194, 116, 196]",SSTF,769,155,329,389
210,sequential,174,"[190, 187, 184, 181, 178, 175, 172, 169, 166, 163, 160, 157, 154, 151, 148, 145, 142, 139, 136, 133, 130, 127, 124, 121]",FCFS,85,85,364,397
211,random,141,"[175, 45, 22, 116, 71, 53, 85, 103, 125, 96, 83, 153, 56, 160, 168, 5, 104, 12, 162, 45, 30, 146, 40, 61]",SSTF,1616,204,316,393
212,bursty,43,"[160, 177, 175, 160, 169, 2, 184, 176, 157, 160, 166, 157, 12, 153, 165, 160, 7, 165, 162, 54, 158, 176, 169, 173]",SCAN,1412,245,227,387
213,sequential,126,"[78, 79, 80, 81, 82, 83, 84, 85, 86, 87, 88, 89, 90, 91, 92, 93, 94, 95, 96, 97, 98, 99, 100, 101]",SSTF,71,48,48,48
214,random,106,"[63, 189, 173, 88, 50, 13, 138, 29, 183, 133, 142, 171, 122, 104, 27, 9, 193, 153, 111, 138, 96, 163, 36, 5]",SSTF,1543,279,299,393
215,bursty,70,"[71, 86, 78, 66, 82, 0, 81, 80, 82, 75, 76, 75, 73, 44, 81, 63, 69, 71, 80, 16, 73, 116, 80, 83]",SCAN,533,218,186,397
216,sequential,48,"[165, 168, 171, 174, 177, 180, 183, 186, 189, 192, 195, 198, 199, 199, 199, 199, 199, 199, 199, 199, 199, 199, 199, 199]",FCFS,151,151,247,281
217,random,42,"[101, 126, 49, 44, 187, 158, 104, 37, 111, 28, 194, 43, 2, 66, 149, 157, 127, 101, 26, 0, 153, 146, 190, 123]",SCAN,1557,250,236,397
218,bursty,149,"[67, 63, 75, 72, 69, 63, 118, 76, 61, 70, 61, 75, 69, 64, 159, 64, 71, 64, 110, 186, 156, 66, 72, 66]",SSTF,723,162,335,391
219,sequential,35,"[54, 53, 52, 51, 50, 49, 48, 47, 46, 45, 44, 43, 42, 41, 40, 39, 38, 37, 36, 35, 34, 33, 32, 31]",FCFS,42,42,89,397
220,random,65,"[156, 75, 126, 71, 106, 91, 92, 138, 185, 16, 51, 0, 153, 101, 185, 33, 57, 152, 195, 196, 66, 186, 66, 90]",SCAN,1675,327,261,397
221,bursty,59,"[42, 4, 50, 55, 41, 48, 48, 45, 49, 52, 38, 53, 43, 39, 47, 42, 50, 51, 47, 187, 45, 90, 43, 43]",SSTF,580,238,246,367
222,sequential,181,"[186, 184, 182, 180, 178, 176, 174, 172, 170, 168, 166, 164, 162, 160, 158, 156, 154, 152, 150, 148, 146, 144, 142, 140]",FCFS,51,51,367,397
223,random,156,"[163, 93, 89, 109, 114, 73, 125, 36, 173, 185, 189, 72, 52, 150, 107, 45, 50, 133, 66, 82, 176, 198, 26, 28]",SSTF,1242,226,354,391
224,bursty,104,"[46, 65, 48, 32, 39, 169, 60, 43, 50, 50, 37, 42, 48, 37, 10, 37, 33, 48, 39, 40, 41, 41, 22, 32]",SSTF,528,253,273,333
225,sequential,55,"[170, 172, 174, 176, 178, 180, 182, 184, 186, 188, 190, 192, 194, 196, 198, 199, 199, 199, 199, 199, 199, 199, 199, 199]",FCFS,144,144,254,283
226,random,91,"[85, 130, 0, 103, 104, 46, 44, 24, 191, 186, 115, 68, 133, 139, 107, 6, 55, 167, 85, 76, 47, 160, 152, 154]",SSTF,1263,282,282,386
227,bursty,142,"[110, 2, 43, 121, 126, 128, 131, 125, 128, 120, 123, 121, 123, 114, 135, 123, 108, 122, 129, 117, 128, 142, 120, 125]",SSTF,435,140,140,140
228,sequential,114,"[123, 120, 117, 114, 111, 108, 105, 102, 99, 96, 93, 90, 87, 84, 81, 78, 75, 72, 69, 66, 63, 60, 57, 54]",FCFS,78,78,237,395
229,random,80,"[164, 59, 158, 51, 99, 150, 21, 16, 172, 66, 148, 94, 55, 7, 149, 181, 158, 193, 49, 32, 54, 44, 38, 13]",SSTF,1569,259,273,384
230,bursty,2,"[183, 178, 178, 177, 170, 184, 184, 165, 185, 176, 176, 176, 177, 190, 146, 183, 186, 182, 180, 182, 176, 177, 178, 178]",SSTF,370,188,192,254
231,sequential,77,"[56, 58, 60, 62, 64, 66, 68, 70, 72, 74, 76, 78, 80, 82, 84, 86, 88, 90, 92, 94, 96, 98, 100, 102]",FCFS,67,67,179,397
232,random,88,"[142, 131, 59, 143, 35, 150, 73, 26, 19, 38, 104, 55, 86, 6, 118, 9, 60, 54, 198, 129, 191, 138, 6, 25]",SSTF,1577,274,286,382
233,bursty,168,"[112, 85, 77, 87, 84, 93, 80, 93, 98, 89, 77, 82, 95, 84, 138, 90, 88, 82, 86, 85, 81, 81, 92, 184]",SSTF,416,123,352,382
234,sequential,172,"[166, 163, 160, 157, 154, 151, 148, 145, 142, 139, 136, 133, 130, 127, 124, 121, 118, 115, 112, 109, 106, 103, 100, 97]",FCFS,75,75,75,75
235,random,78,"[131, 70, 81, 199, 59, 36, 191, 176, 75, 121, 76, 116, 99, 194, 149, 4, 180, 128, 33, 112, 160, 154, 63, 73]",SCAN,1667,354,277,395
236,bursty,158,"[176, 186, 185, 195, 180, 177, 153, 191, 178, 180, 170, 190, 187, 123, 177, 173, 173, 185, 173, 176, 196, 187, 59, 182]",SSTF,596,185,354,386
237,sequential,57,"[92, 95, 98, 101, 104, 107, 110, 113, 116, 119, 122, 125, 128, 131, 134, 137, 140, 143, 146, 149, 152, 155, 158, 161]",FCFS,104,104,218,363
238,random,33,"[28, 191, 104, 30, 97, 133, 25, 160, 53, 116, 147, 123, 111, 85, 30, 140, 30, 103, 173, 48, 165, 26, 6, 101]",SSTF,1852,212,224,383
239,bursty,99,"[125, 133, 134, 146, 137, 27, 137, 133, 2, 136, 134, 126, 138, 130, 144, 73, 133, 9, 129, 140, 132, 137, 134, 137]",SSTF,994,191,245,372
240,sequential,39,"[129, 127, 125, 123, 121, 119, 117, 115, 113, 111, 109, 107, 105, 103, 101, 99, 97, 95, 93, 91, 89, 87, 85, 83]",SSTF,136,90,168,354
241,random,109,"[157, 39, 37, 7, 57, 185, 73, 162, 155, 132, 146, 156, 198, 50, 100, 134, 117, 100, 27, 135, 172, 125, 173, 157]",SSTF,1268,280,307,390
242,bursty,133,"[175, 181, 185, 175, 182, 170, 166, 170, 178, 166, 183, 169, 159, 167, 165, 160, 161, 187, 172, 159, 174, 175, 168, 160]",SSTF,251,54,320,372
243,sequential,133,"[25, 26, 27, 28, 29, 30, 31, 32, 33, 34, 35, 36, 37, 38, 39, 40, 41, 42, 43, 44, 45, 46, 47, 48]",SSTF,131,108,108,108
244,random,13,"[159, 25, 7, 6, 96, 109, 148, 135, 170, 16, 48, 24, 173, 120, 167, 40, 125, 187, 152, 28, 40, 127, 164, 110]",SCAN,1571,258,200,395
245,bursty,143,"[102, 29, 114, 61, 51, 173, 54, 65, 55, 52, 58, 60, 48, 72, 46, 61, 13, 50, 50, 115, 70, 67, 57, 66]",SSTF,829,290,316,368
246,sequential,23,"[71, 72, 73, 74, 75, 76, 77, 78, 79, 80, 81, 82, 83, 84, 85, 86, 87, 88, 89, 90, 91, 92, 93, 94]",FCFS,71,71,117,350
247,random,91,"[151, 73, 61, 84, 121, 43, 73, 69, 35, 41, 131, 128, 22, 96, 37, 193, 165, 10, 55, 58, 11, 69, 101, 80]",SSTF,1239,284,284,393
248,bursty,175,"[71, 71, 71, 72, 167, 70, 72, 154, 76, 73, 63, 70, 15, 76, 57, 66, 65, 61, 65, 66, 155, 69, 72, 63]",SSTF,820,160,160,160
249,sequential,28,"[6, 9, 12, 15, 18, 21, 24, 27, 30, 33, 36, 39, 42, 45, 48, 51, 54, 57, 60, 63, 66, 69, 72, 75]",FCFS,91,91,103,396
250,random,165,"[128, 35, 70, 46, 90, 110, 193, 99, 22, 187, 172, 72, 10, 88, 149, 192, 132, 12, 78, 39, 116, 80, 97, 121]",SSTF,1470,211,358,391
251,bursty,74,"[101, 95, 154, 100, 106, 98, 83, 96, 104, 112, 172, 105, 95, 99, 101, 97, 106, 100, 105, 80, 146, 96, 96, 90]",SSTF,518,98,246,392
252,sequential,109,"[190, 187, 184, 181, 178, 175, 172, 169, 166, 163, 160, 157, 154, 151, 148, 145, 142, 139, 136, 133, 130, 127, 124, 121]",SSTF,150,81,299,386
253,random,161,"[8, 199, 34, 93, 142, 87, 34, 49, 32, 119, 54, 156, 84, 161, 131, 53, 72, 155, 35, 190, 124, 198, 126, 91]",SSTF,1892,344,360,369
254,bursty,15,"[64, 102, 96, 98, 95, 84, 92, 87, 94, 91, 81, 90, 58, 93, 110, 101, 91, 87, 145, 102, 94, 97, 86, 85]",SSTF,382,130,160,355
255,sequential,151,"[183, 186, 189, 192, 195, 198, 199, 199, 199, 199, 199, 199, 199, 199, 199, 199, 199, 199, 199, 199, 199, 199, 199, 199]",FCFS,48,48,350,366
256,random,95,"[189, 25, 76, 63, 53, 75, 143, 74, 91, 182, 63, 28, 89, 47, 23, 178, 188, 19, 160, 63, 128, 161, 165, 118]",SSTF,1601,246,284,375
257,bursty,116,"[180, 142, 128, 181, 171, 171, 172, 166, 173, 37, 169, 171, 174, 128, 173, 176, 175, 172, 169, 175, 175, 172, 95, 170]",SSTF,728,209,297,386
258,sequential,197,"[176, 173, 170, 167, 164, 161, 158, 155, 152, 149, 146, 143, 140, 137, 134, 131, 128, 125, 122, 119, 116, 113, 110, 107]",FCFS,90,90,90,90
259,random,107,"[22, 46, 187, 127, 95, 92, 151, 134, 133, 108, 50, 95, 14, 56, 8, 122, 153, 191, 75, 65, 178, 148, 60, 144]",SSTF,1345,284,298,397
260,bursty,118,"[38, 34, 19, 27, 31, 32, 37, 30, 26, 18, 35, 23, 26, 21, 27, 34, 31, 19, 31, 105, 20, 21, 178, 96]",SSTF,612,260,296,338
261,sequential,173,"[55, 52, 49, 46, 43, 40, 37, 34, 31, 28, 25, 22, 19, 16, 13, 10, 7, 4, 1, 0, 0, 0, 0, 0]",FCFS,173,173,173,173
262,random,181,"[101, 60, 85, 56, 86, 74, 174, 69, 172, 184, 161, 129, 53, 54, 118, 174, 51, 114, 0, 159, 156, 132, 123, 69]",SSTF,1338,187,365,395
263,bursty,174,"[104, 92, 96, 89, 10, 92, 92, 132, 82, 156, 94, 119, 82, 97, 90, 92, 101, 98, 93, 106, 85, 86, 87, 93]",SSTF,625,164,164,164
264,sequential,169,"[43, 42, 41, 40, 39, 38, 37, 36, 35, 34, 33, 32, 31, 30, 29, 28, 27, 26, 25, 24, 23, 22, 21, 20]",FCFS,149,149,149,149
265,random,19,"[193, 15, 28, 189, 60, 175, 148, 66, 60, 151, 151, 135, 14, 77, 86, 184, 166, 115, 199, 47, 49, 31, 195, 49]",SSTF,1918,190,218,389
266,bursty,133,"[37, 17, 64, 16, 16, 19, 28, 24, 31, 29, 30, 36, 122, 28, 29, 26, 32, 29, 34, 21, 35, 117, 32, 30]",SSTF,637,117,117,117
267,sequential,8,"[55, 56, 57, 58, 59, 60, 61, 62, 63, 64, 65, 66, 67, 68, 69, 70, 71, 72, 73, 74, 75, 76, 77, 78]",FCFS,70,70,86,351
268,random,99,"[51, 175, 42, 62, 40, 66, 177, 127, 66, 133, 149, 30, 104, 150, 82, 86, 196, 142, 81, 115, 82, 184, 111, 138]",SSTF,1483,263,295,393
269,bursty,14,"[13, 14, 10, 13, 9, 118, 8, 18, 13, 26, 13, 0, 15, 19, 5, 99, 14, 5, 24, 14, 16, 20, 132, 13]",SCAN,773,172,146,397
270,sequential,63,"[122, 121, 120, 119, 118, 117, 116, 115, 114, 113, 112, 111, 110, 109, 108, 107, 106, 105, 104, 103, 102, 101, 100, 99]",SSTF,82,59,185,362
271,random,71,"[163, 27, 79, 103, 76, 186, 189, 175, 27, 73, 31, 192, 86, 91, 25, 96, 97, 142, 22, 187, 181, 160, 42, 75]",SCAN,1612,291,263,396
272,bursty,195,"[26, 3, 11, 12, 7, 0, 10, 6, 14, 12, 0, 10, 8, 8, 18, 0, 14, 3, 19, 5, 21, 3, 7, 7]",SSTF,382,195,195,195
273,sequential,162,"[30, 33, 36, 39, 42, 45, 48, 51, 54, 57, 60, 63, 66, 69, 72, 75, 78, 81, 84, 87, 90, 93, 96, 99]",SSTF,201,132,132,132
274,random,134,"[123, 22, 195, 23, 134, 154, 172, 192, 175, 50, 19, 28, 108, 8, 104, 158, 85, 138, 125, 120, 185, 167, 160, 32]",SSTF,1500,321,329,394
275,bursty,135,"[70, 81, 80, 9, 83, 77, 79, 78, 90, 71, 76, 71, 73, 72, 76, 80, 135, 192, 78, 86, 116, 84, 80, 78]",SSTF,585,309,327,341
276,sequential,100,"[13, 16, 19, 22, 25, 28, 31, 34, 37, 40, 43, 46, 49, 52, 55, 58, 61, 64, 67, 70, 73, 76, 79, 82]",SSTF,156,87,87,87
277,random,17,"[150, 199, 35, 106, 64, 69, 79, 129, 28, 174, 171, 69, 41, 10, 35, 3, 60, 52, 53, 81, 38, 36, 157, 47]",SSTF,1362,210,216,387
278,bursty,29,"[98, 94, 91, 100, 181, 103, 93, 102, 56, 105, 91, 82, 89, 103, 96, 103, 93, 90, 130, 98, 109, 94, 101, 87]",SSTF,548,152,210,371
279,sequential,88,"[184, 183, 182, 181, 180, 179, 178, 177, 176, 175, 174, 173, 172, 171, 170, 169, 168, 167, 166, 165, 164, 163, 162, 161]",SSTF,119,96,272,325
280,random,88,"[76, 108, 182, 72, 106, 67, 129, 191, 12, 146, 136, 168, 196, 34, 20, 45, 19, 105, 102, 93, 145, 150, 121, 183]",SCAN,1281,292,284,393
281,bursty,32,"[28, 34, 29, 41, 33, 38, 41, 25, 42, 31, 37, 37, 39, 34, 35, 21, 46, 31, 33, 35, 111, 47, 30, 31]",SSTF,317,131,143,397
282,sequential,37,"[38, 37, 36, 35, 34, 33, 32, 31, 30, 29, 28, 27, 26, 25, 24, 23, 22, 21, 20, 19, 18, 17, 16, 15]",FCFS,24,24,75,397
283,random,168,"[14, 12, 140, 6, 47, 164, 153, 160, 158, 155, 187, 113, 23, 138, 24, 9, 175, 121, 154, 44, 105, 5, 112, 132]",SSTF,1690,345,355,391
284,bursty,70,"[167, 172, 178, 168, 174, 167, 139, 75, 173, 172, 162, 180, 184, 164, 94, 174, 39, 161, 169, 173, 183, 166, 174, 182]",SCAN,836,259,254,393
285,sequential,167,"[167, 169, 171, 173, 175, 177, 179, 181, 183, 185, 187, 189, 191, 193, 195, 197, 199, 199, 199, 199, 199, 199, 199, 199]",FCFS,32,32,366,396
286,random,49,"[16, 60, 10, 95, 107, 170, 15, 88, 111, 88, 129, 173, 85, 90, 39, 191, 67, 185, 39, 126, 147, 70, 138, 101]",SCAN,1620,343,240,387
287,bursty,44,"[111, 39, 118, 35, 169, 31, 30, 101, 38, 37, 33, 43, 43, 32, 193, 37, 45, 113, 30, 45, 43, 34, 29, 36]",SSTF,1248,183,237,397
288,sequential,147,"[15, 13, 11, 9, 7, 5, 3, 1, 0, 0, 0, 0, 0, 0, 0, 0, 0, 0, 0, 0, 0, 0, 0, 0]",FCFS,147,147,147,147
289,random,193,"[178, 8, 151, 86, 165, 173, 181, 65, 56, 131, 16, 53, 9, 102, 97, 81, 68, 95, 95, 1, 91, 68, 33, 72]",SSTF,1319,192,192,192
290,bursty,103,"[114, 118, 113, 110, 114, 111, 35, 116, 122, 117, 122, 101, 116, 149, 118, 113, 123, 113, 125, 105, 114, 169, 92, 114]",SSTF,523,204,272,396
291,sequential,178,"[196, 194, 192, 190, 188, 186, 184, 182, 180, 178, 176, 174, 172, 170, 168, 166, 164, 162, 160, 158, 156, 154, 152, 150]",FCFS,64,64,374,396
292,random,63,"[123, 132, 88, 85, 123, 25, 78, 71, 40, 92, 6, 110, 107, 173, 105, 93, 16, 89, 138, 158, 36, 135, 155, 87]",SCAN,1262,277,236,390
293,bursty,159,"[26, 23, 29, 69, 32, 27, 29, 39, 32, 40, 22, 177, 31, 41, 36, 37, 47, 22, 34, 33, 30, 26, 39, 34]",SSTF,659,173,336,380
294,sequential,189,"[37, 35, 33, 31, 29, 27, 25, 23, 21, 19, 17, 15, 13, 11, 9, 7, 5, 3, 1, 0, 0, 0, 0, 0]",FCFS,189,189,189,189
295,random,83,"[172, 46, 126, 167, 171, 190, 47, 106, 171, 31, 152, 179, 138, 108, 131, 187, 89, 90, 11, 98, 158, 35, 121, 151]",SCAN,1628,286,273,392
296,bursty,75,"[60, 70, 70, 69, 69, 64, 65, 127, 61, 56, 61, 64, 79, 77, 60, 78, 58, 72, 80, 66, 59, 61, 79, 63]",SSTF,324,100,202,396
297,sequential,8,"[119, 120, 121, 122, 123, 124, 125, 126, 127, 128, 129, 130, 131, 132, 133, 134, 135, 136, 137, 138, 139, 140, 141, 142]",FCFS,134,134,150,287
298,random,71,"[102, 183, 91, 58, 96, 186, 31, 110, 92, 29, 71, 116, 141, 37, 103, 58, 71, 45, 2, 84, 59, 66, 62, 140]",SSTF,1285,253,257,385
299,bursty,16,"[55, 63, 61, 49, 62, 54, 151, 56, 56, 69, 67, 49, 54, 53, 62, 61, 58, 48, 62, 58, 54, 66, 62, 98]",SSTF,410,135,167,366
300,sequential,63,"[33, 32, 31, 30, 29, 28, 27, 26, 25, 24, 23, 22, 21, 20, 19, 18, 17, 16, 15, 14, 13, 12, 11, 10]",FCFS,53,53,53,53
301,random,167,"[164, 105, 96, 187, 51, 58, 5, 142, 42, 91, 39, 116, 152, 164, 136, 99, 111, 135, 48, 53, 20, 158, 35, 193]",SSTF,1466,350,360,378
302,bursty,51,"[175, 167, 174, 170, 172, 164, 168, 170, 170, 175, 184, 189, 175, 176, 164, 166, 26, 178, 100, 178, 7, 167, 185, 175]",SSTF,1014,226,240,349
303,sequential,115,"[24, 22, 20, 18, 16, 14, 12, 10, 8, 6, 4, 2, 0, 0, 0, 0, 0, 0, 0, 0, 0, 0, 0, 0]",FCFS,115,115,115,115
304,random,115,"[123, 110, 6, 167, 27, 61, 21, 49, 109, 108, 101, 85, 141, 185, 56, 46, 133, 34, 12, 30, 137, 0, 163, 158]",SSTF,1489,300,300,390
305,bursty,15,"[136, 138, 142, 147, 135, 76, 130, 136, 136, 137, 131, 137, 142, 142, 133, 139, 133, 131, 129, 140, 138, 134, 2, 135]",SSTF,588,158,162,337
306,sequential,97,"[199, 199, 199, 199, 199, 199, 199, 199, 199, 199, 199, 199, 199, 199, 199, 199, 199, 199, 199, 199, 199, 199, 199, 199]",FCFS,102,102,296,296
307,random,31,"[194, 92, 9, 78, 156, 134, 69, 127, 149, 21, 171, 42, 183, 196, 44, 130, 97, 46, 39, 158, 36, 81, 174, 100]",SCAN,2005,352,227,393
308,bursty,133,"[186, 173, 189, 187, 169, 155, 185, 87, 190, 182, 169, 179, 189, 192, 187, 174, 180, 170, 170, 186, 176, 182, 179, 190]",SSTF,471,164,325,376
309,sequential,123,"[69, 71, 73, 75, 77, 79, 81, 83, 85, 87, 89, 91, 93, 95, 97, 99, 101, 103, 105, 107, 109, 111, 113, 115]",SSTF,100,54,54,54
310,random,183,"[119, 14, 100, 182, 80, 12, 8, 195, 80, 116, 116, 185, 49, 168, 113, 67, 53, 16, 41, 156, 58, 112, 104, 25]",SSTF,1704,201,378,396
311,bursty,44,"[39, 45, 44, 37, 46, 44, 36, 38, 34, 43, 53, 44, 43, 147, 37, 40, 50, 39, 39, 36, 28, 49, 170, 38]",SSTF,596,162,214,397
312,sequential,11,"[78, 75, 72, 69, 66, 63, 60, 57, 54, 51, 48, 45, 42, 39, 36, 33, 30, 27, 24, 21, 18, 15, 12, 9]",SCAN,136,136,89,397
313,random,9,"[23, 180, 149, 118, 32, 4, 61, 62, 142, 133, 11, 3, 169, 77, 167, 170, 169, 124, 180, 133, 99, 94, 69, 32]",SSTF,1225,187,189,396
314,bursty,70,"[43, 49, 187, 40, 39, 50, 73, 97, 52, 47, 43, 45, 44, 47, 178, 44, 61, 81, 44, 50, 103, 147, 41, 46]",SSTF,990,245,257,395
315,sequential,4,"[190, 189, 188, 187, 186, 185, 184, 183, 182, 181, 180, 179, 178, 177, 176, 175, 174, 173, 172, 171, 170, 169, 168, 167]",SSTF,209,186,194,235
316,random,156,"[67, 29, 72, 116, 195, 52, 125, 145, 83, 16, 5, 184, 52, 117, 83, 195, 132, 26, 173, 137, 16, 36, 161, 130]",SSTF,1840,229,351,393
317,bursty,59,"[193, 183, 189, 194, 186, 183, 191, 185, 180, 187, 186, 190, 195, 190, 146, 130, 191, 184, 185, 195, 185, 188, 68, 190]",SSTF,601,136,254,389
318,sequential,177,"[47, 45, 43, 41, 39, 37, 35, 33, 31, 29, 27, 25, 23, 21, 19, 17, 15, 13, 11, 9, 7, 5, 3, 1]",FCFS,176,176,176,176
319,random,70,"[109, 91, 14, 189, 84, 162, 174, 43, 126, 125, 69, 140, 141, 142, 58, 116, 153, 184, 161, 47, 109, 83, 42, 166]",SSTF,1448,231,259,385
320,bursty,15,"[15, 27, 21, 12, 9, 22, 14, 15, 17, 169, 2, 105, 163, 18, 8, 16, 12, 2, 57, 12, 20, 9, 150, 7]",SSTF,1114,180,184,397
321,sequential,97,"[31, 30, 29, 28, 27, 26, 25, 24, 23, 22, 21, 20, 19, 18, 17, 16, 15, 14, 13, 12, 11, 10, 9, 8]",FCFS,89,89,89,89
322,random,64,"[52, 11, 60, 103, 13, 137, 192, 56, 115, 89, 71, 97, 30, 161, 79, 179, 168, 95, 173, 177, 149, 73, 165, 14]",SCAN,1572,333,256,391
323,bursty,104,"[78, 100, 69, 79, 72, 82, 80, 78, 80, 157, 80, 90, 91, 15, 83, 89, 82, 85, 87, 83, 145, 82, 75, 73]",SSTF,577,231,261,357
324,sequential,106,"[142, 141, 140, 139, 138, 137, 136, 135, 134, 133, 132, 131, 130, 129, 128, 127, 126, 125, 124, 123, 122, 121, 120, 119]",SSTF,59,36,248,385
325,random,143,"[44, 183, 188, 155, 66, 153, 82, 29, 137, 71, 119, 76, 3, 166, 166, 134, 71, 83, 76, 88, 27, 194, 145, 149]",SSTF,1484,242,337,396
326,bursty,72,"[154, 42, 38, 37, 186, 40, 91, 40, 33, 6, 37, 43, 37, 32, 36, 36, 27, 36, 32, 27, 31, 40, 181, 44]",SCAN,1000,284,258,379
327,sequential,172,"[118, 117, 116, 115, 114, 113, 112, 111, 110, 109, 108, 107, 106, 105, 104, 103, 102, 101, 100, 99, 98, 97, 96, 95]",FCFS,77,77,77,77
328,random,179,"[153, 173, 137, 79, 11, 125, 182, 0, 17, 151, 191, 20, 195, 141, 186, 199, 29, 99, 45, 32, 139, 115, 162, 9]",SSTF,1848,219,378,395
329,bursty,163,"[12, 23, 13, 19, 24, 197, 22, 15, 14, 13, 12, 22, 21, 8, 13, 22, 14, 42, 10, 16, 12, 11, 13, 21]",SSTF,668,223,360,364
330,sequential,191,"[64, 63, 62, 61, 60, 59, 58, 57, 56, 55, 54, 53, 52, 51, 50, 49, 48, 47, 46, 45, 44, 43, 42, 41]",FCFS,150,150,150,150
331,random,84,"[70, 176, 166, 2, 88, 83, 193, 44, 167, 68, 116, 18, 0, 166, 92, 35, 51, 93, 70, 25, 92, 67, 124, 65]",SCAN,1661,297,277,394
332,bursty,89,"[77, 111, 114, 32, 190, 101, 102, 114, 103, 114, 120, 96, 112, 110, 105, 121, 115, 22, 109, 107, 107, 110, 108, 114]",SCAN,681,299,279,391
333,sequential,114,"[58, 55, 52, 49, 46, 43, 40, 37, 34, 31, 28, 25, 22, 19, 16, 13, 10, 7, 4, 1, 0, 0, 0, 0]",FCFS,114,114,114,114
334,random,17,"[86, 66, 46, 32, 3, 81, 14, 57, 62, 185, 16, 194, 173, 158, 137, 114, 179, 30, 103, 140, 138, 125, 26, 162]",SSTF,1469,205,211,389
335,bursty,20,"[157, 165, 165, 166, 164, 0, 160, 65, 160, 176, 170, 175, 175, 162, 157, 171, 164, 161, 159, 30, 157, 161, 165, 91]",SCAN,1071,216,196,388
336,sequential,13,"[83, 85, 87, 89, 91, 93, 95, 97, 99, 101, 103, 105, 107, 109, 111, 113, 115, 117, 119, 121, 123, 125, 127, 129]",FCFS,116,116,142,328
337,random,18,"[131, 136, 5, 69, 172, 69, 102, 164, 100, 67, 137, 149, 87, 126, 0, 160, 195, 87, 188, 42, 183, 37, 41, 106]",SSTF,1926,213,213,379
338,bursty,27,"[73, 70, 81, 78, 84, 85, 73, 76, 141, 73, 79, 64, 78, 79, 169, 78, 69, 78, 63, 73, 70, 79, 74, 87]",SSTF,508,142,196,362
339,sequential,132,"[9, 10, 11, 12, 13, 14, 15, 16, 17, 18, 19, 20, 21, 22, 23, 24, 25, 26, 27, 28, 29, 30, 31, 32]",SSTF,146,123,123,123
340,random,193,"[40, 189, 99, 41, 193, 156, 159, 55, 88, 77, 156, 170, 11, 54, 117, 183, 17, 61, 84, 65, 156, 157, 18, 110]",SSTF,1789,182,182,182
341,bursty,107,"[58, 64, 56, 68, 66, 191, 77, 66, 59, 66, 34, 71, 63, 69, 69, 67, 72, 169, 69, 56, 62, 69, 60, 72]",SSTF,675,230,298,336
342,sequential,61,"[103, 101, 99, 97, 95, 93, 91, 89, 87, 85, 83, 81, 79, 77, 75, 73, 71, 69, 67, 65, 63, 61, 59, 57]",FCFS,88,88,164,396
343,random,2,"[182, 102, 166, 184, 97, 128, 67, 89, 177, 35, 110, 61, 99, 175, 67, 44, 46, 174, 5, 140, 129, 105, 4, 95]",SSTF,1803,182,186,396
344,bursty,199,"[111, 109, 70, 114, 98, 96, 100, 105, 94, 90, 95, 100, 103, 86, 105, 104, 103, 100, 104, 96, 80, 95, 101, 178]",SSTF,395,129,129,129
345,sequential,84,"[100, 102, 104, 106, 108, 110, 112, 114, 116, 118, 120, 122, 124, 126, 128, 130, 132, 134, 136, 138, 140, 142, 144, 146]",FCFS,62,62,230,382
346,random,141,"[89, 154, 69, 107, 178, 35, 12, 86, 162, 87, 188, 193, 189, 78, 12, 193, 156, 45, 56, 164, 1, 83, 174, 71]",SSTF,1876,244,334,385
347,bursty,34,"[21, 9, 14, 18, 12, 13, 26, 5, 11, 72, 9, 24, 1, 180, 20, 3, 21, 28, 11, 8, 17, 3, 13, 9]",SSTF,681,212,214,360
348,sequential,19,"[100, 102, 104, 106, 108, 110, 112, 114, 116, 118, 120, 122, 124, 126, 128, 130, 132, 134, 136, 138, 140, 142, 144, 146]",FCFS,127,127,165,317
349,random,73,"[81, 57, 26, 183, 57, 43, 170, 84, 175, 181, 16, 105, 140, 128, 72, 50, 160, 81, 194, 37, 79, 111, 18, 62]",SCAN,1719,301,267,392
350,bursty,41,"[86, 81, 83, 84, 96, 85, 82, 68, 93, 78, 86, 82, 98, 97, 86, 33, 74, 78, 89, 25, 78, 85, 79, 86]",SSTF,419,89,139,371
351,sequential,75,"[137, 135, 133, 131, 129, 127, 125, 123, 121, 119, 117, 115, 113, 111, 109, 107, 105, 103, 101, 99, 97, 95, 93, 91]",SSTF,108,62,212,382
352,random,104,"[145, 14, 18, 95, 127, 36, 124, 127, 87, 10, 175, 71, 49, 23, 49, 139, 27, 137, 66, 173, 121, 41, 78, 1]",SSTF,1663,277,279,381
353,bursty,2,"[0, 18, 20, 4, 7, 9, 9, 8, 10, 13, 17, 13, 159, 134, 10, 0, 9, 1, 9, 4, 10, 0, 4, 9]",SSTF,417,161,161,396
354,sequential,20,"[143, 146, 149, 152, 155, 158, 161, 164, 167, 170, 173, 176, 179, 182, 185, 188, 191, 194, 197, 199, 199, 199, 199, 199]",FCFS,179,179,219,275
355,random,131,"[122, 181, 72, 0, 36, 85, 165, 189, 114, 62, 110, 180, 106, 15, 152, 149, 197, 164, 75, 136, 113, 134, 67, 117]",SSTF,1380,263,328,395
356,bursty,103,"[172, 166, 162, 179, 161, 30, 173, 113, 167, 162, 170, 49, 163, 157, 195, 160, 169, 162, 169, 169, 162, 170, 161, 159]",SSTF,878,257,298,388
357,sequential,74,"[130, 128, 126, 124, 122, 120, 118, 116, 114, 112, 110, 108, 106, 104, 102, 100, 98, 96, 94, 92, 90, 88, 86, 84]",SSTF,102,56,204,388
358,random,70,"[118, 84, 101, 112, 88, 168, 172, 142, 185, 114, 162, 164, 156, 121, 54, 11, 31, 84, 33, 50, 77, 8, 20, 105]",SCAN,899,292,255,391
359,bursty,195,"[64, 62, 76, 68, 159, 72, 73, 65, 79, 68, 78, 60, 77, 73, 71, 65, 69, 83, 66, 59, 67, 68, 72, 83]",SSTF,490,136,136,136
360,sequential,31,"[92, 94, 96, 98, 100, 102, 104, 106, 108, 110, 112, 114, 116, 118, 120, 122, 124, 126, 128, 130, 132, 134, 136, 138]",FCFS,107,107,169,337
361,random,55,"[35, 132, 66, 15, 90, 97, 144, 156, 111, 33, 150, 198, 128, 198, 110, 69, 50, 15, 83, 124, 82, 17, 72, 176]",SSTF,1361,223,253,387
362,bursty,170,"[151, 149, 153, 146, 147, 4, 159, 149, 188, 152, 146, 152, 152, 157, 150, 142, 159, 154, 145, 146, 163, 158, 183, 150]",SSTF,560,258,358,385
363,sequential,112,"[41, 38, 35, 32, 29, 26, 23, 20, 17, 14, 11, 8, 5, 2, 0, 0, 0, 0, 0, 0, 0, 0, 0, 0]",FCFS,112,112,112,112
364,random,186,"[11, 64, 62, 76, 99, 15, 46, 195, 106, 19, 15, 97, 77, 127, 196, 48, 115, 8, 99, 165, 197, 183, 114, 50]",SSTF,1590,206,383,389
365,bursty,61,"[134, 133, 145, 145, 148, 141, 139, 173, 141, 136, 138, 129, 143, 19, 147, 130, 134, 128, 126, 140, 132, 137, 145, 145]",SSTF,510,196,234,333
366,sequential,78,"[184, 182, 180, 178, 176, 174, 172, 170, 168, 166, 164, 162, 160, 158, 156, 154, 152, 150, 148, 146, 144, 142, 140, 138]",SSTF,152,106,262,338
367,random,96,"[91, 133, 32, 132, 83, 116, 153, 80, 32, 143, 109, 123, 131, 149, 159, 7, 36, 28, 95, 2, 92, 28, 145, 57]",SSTF,1391,251,255,385
368,bursty,187,"[32, 24, 39, 32, 29, 28, 31, 79, 33, 81, 142, 24, 32, 24, 115, 23, 30, 34, 18, 28, 29, 32, 35, 26]",SSTF,765,169,169,169
369,sequential,74,"[170, 168, 166, 164, 162, 160, 158, 156, 154, 152, 150, 148, 146, 144, 142, 140, 138, 136, 134, 132, 130, 128, 126, 124]",SSTF,142,96,244,348
370,random,33,"[121, 19, 178, 96, 108, 47, 189, 101, 11, 94, 189, 178, 74, 123, 9, 20, 162, 69, 124, 3, 5, 114, 135, 39]",SCAN,1930,342,222,392
371,bursty,190,"[99, 101, 93, 159, 99, 100, 143, 91, 99, 101, 99, 101, 90, 102, 96, 101, 146, 106, 92, 100, 98, 97, 107, 103]",SSTF,495,100,100,100
372,sequential,103,"[48, 49, 50, 51, 52, 53, 54, 55, 56, 57, 58, 59, 60, 61, 62, 63, 64, 65, 66, 67, 68, 69, 70, 71]",SSTF,78,55,55,55
373,random,148,"[97, 94, 187, 67, 19, 80, 24, 31, 61, 54, 96, 16, 169, 4, 91, 38, 79, 161, 89, 28, 190, 171, 102, 73]",SSTF,1591,228,338,385
374,bursty,19,"[57, 45, 64, 50, 57, 137, 57, 52, 45, 44, 44, 53, 53, 51, 39, 46, 57, 54, 55, 53, 50, 56, 55, 56]",SSTF,321,118,156,378
375,sequential,150,"[75, 73, 71, 69, 67, 65, 63, 61, 59, 57, 55, 53, 51, 49, 47, 45, 43, 41, 39, 37, 35, 33, 31, 29]",FCFS,121,121,121,121
376,random,31,"[84, 24, 103, 93, 64, 122, 54, 28, 67, 156, 172, 162, 186, 14, 109, 184, 131, 184, 35, 124, 174, 96, 115, 90]",SSTF,1419,189,217,394
377,bursty,141,"[100, 120, 105, 99, 93, 99, 97, 100, 108, 148, 101, 101, 107, 106, 105, 103, 98, 106, 105, 46, 91, 104, 18, 104]",SSTF,507,137,289,391
378,sequential,168,"[118, 119, 120, 121, 122, 123, 124, 125, 126, 127, 128, 129, 130, 131, 132, 133, 134, 135, 136, 137, 138, 139, 140, 141]",SSTF,73,50,50,50
379,random,26,"[166, 109, 17, 65, 26, 91, 10, 133, 30, 74, 5, 106, 98, 116, 76, 130, 192, 99, 70, 12, 169, 41, 123, 128]",SCAN,1696,238,218,394
380,bursty,153,"[122, 121, 124, 134, 131, 135, 129, 130, 129, 133, 131, 131, 127, 126, 127, 128, 132, 136, 128, 26, 129, 126, 138, 123]",SSTF,324,127,127,127
381,sequential,145,"[38, 39, 40, 41, 42, 43, 44, 45, 46, 47, 48, 49, 50, 51, 52, 53, 54, 55, 56, 57, 58, 59, 60, 61]",SSTF,130,107,107,107
382,random,159,"[145, 114, 136, 180, 143, 59, 186, 144, 19, 148, 122, 26, 29, 48, 168, 58, 170, 148, 135, 123, 80, 152, 112, 74]",SSTF,1381,307,345,389
383,bursty,26,"[188, 187, 180, 190, 55, 193, 187, 184, 149, 114, 186, 176, 199, 184, 185, 183, 176, 188, 159, 192, 175, 193, 179, 178]",SSTF,786,173,225,369
384,sequential,163,"[196, 193, 190, 187, 184, 181, 178, 175, 172, 169, 166, 163, 160, 157, 154, 151, 148, 145, 142, 139, 136, 133, 130, 127]",FCFS,102,102,359,395
385,random,38,"[65, 119, 67, 9, 99, 39, 73, 189, 158, 180, 26, 112, 157, 17, 19, 4, 115, 91, 19, 113, 51, 181, 145, 46]",SCAN,1614,336,227,397
386,bursty,143,"[39, 36, 153, 32, 29, 35, 31, 22, 35, 74, 33, 30, 50, 37, 32, 42, 43, 34, 35, 47, 34, 31, 32, 39]",SSTF,558,141,296,388
387,sequential,108,"[159, 160, 161, 162, 163, 164, 165, 166, 167, 168, 169, 170, 171, 172, 173, 174, 175, 176, 177, 178, 179, 180, 181, 182]",FCFS,74,74,290,347
388,random,76,"[140, 84, 127, 92, 191, 62, 2, 0, 145, 2, 155, 83, 180, 159, 35, 8, 124, 11, 162, 121, 164, 89, 99, 25]",SCAN,1893,306,267,391
389,bursty,171,"[111, 112, 122, 123, 37, 118, 108, 114, 113, 113, 108, 145, 130, 114, 118, 0, 107, 107, 115, 112, 123, 117, 14, 105]",SSTF,780,171,171,171
390,sequential,96,"[65, 67, 69, 71, 73, 75, 77, 79, 81, 83, 85, 87, 89, 91, 93, 95, 97, 99, 101, 103, 105, 107, 109, 111]",FCFS,77,77,207,397
391,random,18,"[150, 185, 33, 86, 93, 89, 136, 55, 186, 90, 72, 36, 32, 44, 10, 162, 124, 176, 191, 127, 100, 94, 139, 73]",SSTF,1307,189,209,384
392,bursty,4,"[135, 52, 57, 61, 49, 49, 174, 42, 54, 52, 169, 54, 65, 55, 169, 52, 54, 53, 44, 57, 157, 161, 54, 42]",SSTF,1238,170,178,360
393,sequential,59,"[88, 90, 92, 94, 96, 98, 100, 102, 104, 106, 108, 110, 112, 114, 116, 118, 120, 122, 124, 126, 128, 130, 132, 134]",FCFS,75,75,193,369
394,random,99,"[165, 174, 53, 187, 168, 147, 168, 105, 56, 47, 71, 177, 155, 86, 69, 62, 38, 195, 3, 103, 100, 169, 86, 162]",SCAN,1461,300,294,397
395,bursty,182,"[32, 50, 42, 97, 148, 42, 43, 40, 30, 39, 45, 41, 44, 42, 32, 38, 34, 38, 134, 34, 43, 30, 28, 50]",SSTF,692,154,154,154
396,sequential,140,"[105, 102, 99, 96, 93, 90, 87, 84, 81, 78, 75, 72, 69, 66, 63, 60, 57, 54, 51, 48, 45, 42, 39, 36]",FCFS,104,104,104,104
397,random,106,"[195, 154, 185, 147, 83, 151, 76, 106, 53, 103, 78, 68, 168, 112, 195, 196, 76, 16, 140, 171, 53, 10, 196, 130]",SSTF,1562,282,302,392
398,bursty,119,"[183, 180, 164, 176, 174, 180, 178, 49, 168, 178, 109, 175, 190, 175, 166, 186, 33, 163, 176, 174, 168, 178, 157, 170]",SSTF,905,248,309,360
399,sequential,42,"[137, 139, 141, 143, 145, 147, 149, 151, 153, 155, 157, 159, 161, 163, 165, 167, 169, 171, 173, 175, 177, 179, 181, 183]",FCFS,141,141,225,303
400,random,138,"[29, 48, 58, 142, 181, 117, 109, 186, 160, 163, 60, 131, 129, 141, 54, 113, 173, 101, 123, 50, 161, 119, 168, 16]",SSTF,1354,300,324,395
401,bursty,87,"[28, 42, 26, 29, 27, 37, 32, 29, 81, 40, 34, 30, 30, 39, 28, 36, 32, 31, 42, 111, 146, 86, 138, 34]",SSTF,579,191,233,374
402,sequential,12,"[75, 78, 81, 84, 87, 90, 93, 96, 99, 102, 105, 108, 111, 114, 117, 120, 123, 126, 129, 132, 135, 138, 141, 144]",FCFS,132,132,156,335
403,random,128,"[162, 166, 25, 117, 87, 153, 162, 56, 78, 17, 99, 41, 59, 149, 103, 98, 135, 166, 4, 34, 163, 54, 179, 64]",SSTF,1602,226,307,391
404,bursty,86,"[138, 157, 147, 156, 153, 155, 153, 142, 140, 150, 153, 144, 145, 149, 149, 148, 192, 142, 164, 143, 143, 146, 153, 148]",SSTF,290,106,278,346
405,sequential,39,"[120, 121, 122, 123, 124, 125, 126, 127, 128, 129, 130, 131, 132, 133, 134, 135, 136, 137, 138, 139, 140, 141, 142, 143]",FCFS,104,104,182,317
406,random,3,"[17, 179, 96, 8, 96, 68, 74, 163, 78, 1, 160, 2, 143, 136, 25, 100, 182, 181, 9, 19, 85, 153, 178, 129]",SSTF,1844,183,185,393
407,bursty,37,"[143, 145, 147, 140, 136, 155, 145, 146, 63, 138, 143, 143, 143, 135, 147, 144, 139, 134, 139, 140, 141, 197, 133, 144]",SSTF,485,160,234,372
408,sequential,44,"[162, 164, 166, 168, 170, 172, 174, 176, 178, 180, 182, 184, 186, 188, 190, 192, 194, 196, 198, 199, 199, 199, 199, 199]",FCFS,155,155,243,280
409,random,161,"[8, 80, 9, 84, 1, 178, 30, 18, 65, 140, 109, 16, 193, 184, 153, 61, 138, 8, 127, 179, 131, 154, 19, 13]",SSTF,1936,352,354,381
410,bursty,15,"[35, 43, 70, 31, 35, 34, 42, 0, 21, 38, 19, 36, 24, 186, 46, 31, 13, 25, 35, 37, 38, 32, 183, 34]",SCAN,901,315,201,394
411,sequential,3,"[182, 180, 178, 176, 174, 172, 170, 168, 166, 164, 162, 160, 158, 156, 154, 152, 150, 148, 146, 144, 142, 140, 138, 136]",SSTF,225,179,185,265
412,random,162,"[140, 27, 119, 197, 104, 160, 10, 28, 5, 8, 39, 85, 49, 47, 74, 25, 199, 64, 84, 13, 104, 14, 9, 162]",SSTF,1578,351,361,363
413,bursty,12,"[66, 58, 61, 185, 55, 62, 71, 53, 90, 44, 71, 52, 56, 58, 13, 64, 55, 56, 63, 61, 52, 70, 97, 70]",SSTF,684,173,197,397
414,sequential,75,"[58, 55, 52, 49, 46, 43, 40, 37, 34, 31, 28, 25, 22, 19, 16, 13, 10, 7, 4, 1, 0, 0, 0, 0]",FCFS,75,75,75,75
415,random,105,"[4, 61, 14, 9, 74, 121, 146, 23, 161, 120, 132, 181, 169, 41, 63, 117, 120, 104, 160, 171, 178, 153, 119, 171]",SSTF,1130,255,286,386
416,bursty,163,"[39, 50, 31, 52, 28, 44, 52, 50, 48, 123, 35, 39, 49, 42, 40, 37, 39, 131, 40, 43, 45, 33, 43, 42]",SSTF,629,135,135,135
417,sequential,54,"[164, 165, 166, 167, 168, 169, 170, 171, 172, 173, 174, 175, 176, 177, 178, 179, 180, 181, 182, 183, 184, 185, 186, 187]",FCFS,133,133,241,288
418,random,80,"[90, 48, 161, 77, 103, 66, 64, 80, 89, 199, 196, 193, 87, 3, 77, 50, 103, 19, 190, 124, 15, 164, 78, 17]",SCAN,1525,321,279,391
419,bursty,151,"[177, 122, 125, 132, 129, 134, 71, 127, 120, 137, 124, 107, 163, 137, 146, 127, 125, 127, 134, 142, 134, 131, 121, 135]",SSTF,436,186,328,386
420,sequential,174,"[53, 50, 47, 44, 41, 38, 35, 32, 29, 26, 23, 20, 17, 14, 11, 8, 5, 2, 0, 0, 0, 0, 0, 0]",FCFS,174,174,174,174
421,random,62,"[73, 100, 87, 161, 69, 186, 118, 123, 119, 18, 134, 109, 37, 31, 104, 28, 20, 111, 0, 126, 21, 168, 18, 170]",SCAN,1770,310,248,391
422,bursty,120,"[153, 157, 79, 158, 154, 159, 147, 164, 155, 159, 160, 153, 159, 149, 149, 159, 158, 157, 155, 153, 166, 165, 161, 160]",SSTF,304,133,286,371
423,sequential,141,"[156, 158, 160, 162, 164, 166, 168, 170, 172, 174, 176, 178, 180, 182, 184, 186, 188, 190, 192, 194, 196, 198, 199, 199]",FCFS,58,58,340,383
424,random,20,"[120, 143, 14, 44, 135, 54, 148, 17, 114, 167, 10, 112, 109, 152, 147, 190, 155, 77, 111, 23, 164, 30, 115, 198]",SSTF,1860,198,218,395
425,bursty,24,"[68, 65, 56, 74, 63, 66, 64, 75, 61, 64, 61, 64, 73, 71, 67, 59, 63, 66, 68, 63, 66, 56, 68, 61]",SSTF,193,51,99,366
426,sequential,120,"[139, 138, 137, 136, 135, 134, 133, 132, 131, 130, 129, 128, 127, 126, 125, 124, 123, 122, 121, 120, 119, 118, 117, 116]",FCFS,42,42,259,397
427,random,156,"[34, 158, 126, 117, 74, 168, 108, 86, 139, 173, 80, 1, 186, 123, 167, 79, 188, 199, 102, 22, 39, 143, 58, 169]",SSTF,1759,241,355,396
428,bursty,6,"[39, 43, 32, 42, 39, 47, 151, 45, 46, 40, 31, 43, 41, 40, 33, 42, 33, 36, 186, 36, 42, 41, 194, 34]",SSTF,958,188,200,373
429,sequential,59,"[114, 112, 110, 108, 106, 104, 102, 100, 98, 96, 94, 92, 90, 88, 86, 84, 82, 80, 78, 76, 74, 72, 70, 68]",SSTF,101,55,173,389
430,random,94,"[86, 22, 111, 43, 40, 57, 185, 62, 7, 163, 23, 39, 23, 33, 3, 175, 30, 104, 89, 7, 129, 15, 139, 3]",SCAN,1907,289,279,388
431,bursty,11,"[161, 155, 148, 155, 158, 144, 160, 147, 153, 153, 155, 162, 153, 109, 147, 157, 163, 106, 143, 148, 121, 150, 161, 76]",SSTF,589,152,174,333
432,sequential,103,"[123, 121, 119, 117, 115, 113, 111, 109, 107, 105, 103, 101, 99, 97, 95, 93, 91, 89, 87, 85, 83, 81, 79, 77]",FCFS,66,66,226,396
433,random,12,"[75, 87, 159, 54, 93, 178, 33, 195, 25, 93, 185, 139, 198, 44, 79, 85, 11, 140, 73, 152, 53, 141, 115, 169]",SSTF,1929,188,210,385
434,bursty,126,"[16, 177, 167, 177, 157, 175, 170, 178, 175, 160, 169, 125, 163, 168, 177, 164, 193, 176, 172, 163, 171, 167, 176, 192]",SSTF,574,246,319,367
435,sequential,103,"[133, 131, 129, 127, 125, 123, 121, 119, 117, 115, 113, 111, 109, 107, 105, 103, 101, 99, 97, 95, 93, 91, 89, 87]",FCFS,76,76,236,396
436,random,113,"[134, 66, 41, 75, 196, 123, 186, 151, 74, 65, 35, 160, 167, 156, 60, 117, 55, 79, 81, 22, 28, 187, 154, 91]",SSTF,1260,257,309,394
437,bursty,86,"[81, 92, 89, 75, 95, 83, 101, 92, 178, 84, 87, 199, 99, 89, 76, 57, 98, 84, 88, 92, 87, 95, 99, 81]",SSTF,627,201,285,397
438,sequential,180,"[185, 184, 183, 182, 181, 180, 179, 178, 177, 176, 175, 174, 173, 172, 171, 170, 169, 168, 167, 166, 165, 164, 163, 162]",FCFS,28,28,365,397
439,random,110,"[123, 123, 114, 116, 77, 45, 41, 79, 106, 136, 165, 82, 184, 129, 125, 193, 71, 22, 20, 40, 170, 25, 39, 155]",SSTF,1133,256,303,394
440,bursty,87,"[65, 66, 61, 73, 64, 62, 53, 147, 73, 65, 62, 62, 68, 72, 58, 66, 153, 95, 73, 67, 71, 59, 70, 142]",SSTF,543,150,240,390
441,sequential,163,"[99, 101, 103, 105, 107, 109, 111, 113, 115, 117, 119, 121, 123, 125, 127, 129, 131, 133, 135, 137, 139, 141, 143, 145]",SSTF,110,64,64,64
442,random,151,"[12, 69, 154, 140, 47, 197, 181, 2, 136, 63, 53, 0, 138, 67, 83, 150, 69, 56, 123, 56, 110, 185, 142, 191]",SCAN,1744,356,348,395
443,bursty,13,"[28, 30, 34, 30, 27, 19, 23, 32, 42, 27, 28, 25, 25, 191, 29, 41, 42, 37, 47, 34, 23, 24, 20, 25]",SSTF,468,178,204,392
444,sequential,34,"[111, 109, 107, 105, 103, 101, 99, 97, 95, 93, 91, 89, 87, 85, 83, 81, 79, 77, 75, 73, 71, 69, 67, 65]",SSTF,123,77,145,367
445,random,131,"[58, 158, 127, 128, 105, 117, 117, 89, 58, 98, 55, 41, 52, 173, 191, 64, 7, 110, 128, 79, 186, 39, 78, 33]",SSTF,1238,308,322,371
446,bursty,88,"[27, 30, 102, 26, 35, 29, 41, 31, 25, 156, 27, 29, 35, 30, 26, 26, 27, 30, 25, 29, 21, 28, 30, 25]",SSTF,567,203,244,384
447,sequential,79,"[125, 123, 121, 119, 117, 115, 113, 111, 109, 107, 105, 103, 101, 99, 97, 95, 93, 91, 89, 87, 85, 83, 81, 79]",SSTF,92,46,204,396
448,random,144,"[123, 12, 99, 65, 161, 142, 19, 35, 101, 106, 138, 161, 108, 13, 117, 110, 174, 195, 33, 155, 111, 183, 74, 15]",SSTF,1545,315,339,387
449,bursty,18,"[166, 25, 3, 58, 66, 55, 39, 60, 60, 42, 58, 64, 70, 51, 62, 57, 59, 66, 67, 68, 56, 70, 53, 61]",SCAN,565,282,184,391
450,sequential,148,"[67, 70, 73, 76, 79, 82, 85, 88, 91, 94, 97, 100, 103, 106, 109, 112, 115, 118, 121, 124, 127, 130, 133, 136]",SSTF,150,81,81,81
451,random,136,"[60, 87, 166, 100, 175, 2, 95, 21, 17, 164, 173, 153, 176, 93, 135, 137, 20, 131, 70, 38, 99, 188, 9, 174]",SSTF,1808,252,324,397
452,bursty,1,"[157, 100, 167, 55, 169, 171, 174, 160, 153, 171, 174, 170, 173, 160, 102, 151, 169, 158, 160, 155, 166, 171, 164, 169]",SSTF,744,173,175,344
453,sequential,11,"[117, 116, 115, 114, 113, 112, 111, 110, 109, 108, 107, 106, 105, 104, 103, 102, 101, 100, 99, 98, 97, 96, 95, 94]",SSTF,129,106,128,315
454,random,1,"[0, 66, 55, 188, 197, 142, 162, 5, 127, 60, 92, 102, 122, 148, 3, 196, 124, 93, 43, 8, 169, 98, 33, 169]",SSTF,1688,198,198,396
455,bursty,188,"[177, 182, 173, 185, 183, 169, 177, 180, 187, 175, 192, 175, 199, 180, 179, 179, 174, 190, 188, 177, 113, 181, 178, 183]",SSTF,335,135,387,396
456,sequential,182,"[21, 19, 17, 15, 13, 11, 9, 7, 5, 3, 1, 0, 0, 0, 0, 0, 0, 0, 0, 0, 0, 0, 0, 0]",FCFS,182,182,182,182
457,random,19,"[61, 114, 71, 162, 194, 40, 154, 15, 94, 8, 175, 184, 64, 137, 42, 57, 52, 133, 113, 132, 179, 146, 101, 185]",SSTF,1646,197,213,377
458,bursty,120,"[25, 30, 52, 21, 29, 30, 18, 35, 29, 25, 46, 27, 36, 23, 43, 27, 37, 23, 30, 182, 30, 38, 23, 31]",SSTF,665,226,302,336
459,sequential,64,"[180, 178, 176, 174, 172, 170, 168, 166, 164, 162, 160, 158, 156, 154, 152, 150, 148, 146, 144, 142, 140, 138, 136, 134]",SSTF,162,116,244,328
460,random,4,"[102, 141, 165, 128, 56, 10, 175, 130, 38, 30, 46, 74, 77, 170, 10, 110, 6, 10, 162, 107, 9, 42, 73, 193]",SSTF,1623,189,197,396
461,bursty,129,"[48, 160, 190, 51, 16, 55, 52, 132, 39, 47, 47, 51, 54, 115, 55, 52, 54, 61, 50, 43, 43, 55, 58, 18]",SSTF,833,269,319,395
462,sequential,131,"[4, 5, 6, 7, 8, 9, 10, 11, 12, 13, 14, 15, 16, 17, 18, 19, 20, 21, 22, 23, 24, 25, 26, 27]",SSTF,150,127,127,127
463,random,169,"[47, 67, 2, 97, 122, 138, 122, 160, 187, 149, 11, 126, 13, 46, 12, 169, 62, 132, 62, 63, 8, 171, 160, 186]",SSTF,1555,356,356,396
464,bursty,154,"[20, 25, 35, 30, 26, 18, 29, 23, 22, 35, 22, 26, 16, 9, 14, 21, 15, 46, 46, 39, 36, 34, 33, 16]",SSTF,310,145,145,145
465,sequential,186,"[63, 64, 65, 66, 67, 68, 69, 70, 71, 72, 73, 74, 75, 76, 77, 78, 79, 80, 81, 82, 83, 84, 85, 86]",SSTF,146,123,123,123
466,random,137,"[29, 2, 193, 83, 64, 129, 167, 187, 164, 96, 190, 190, 60, 120, 46, 104, 145, 121, 139, 179, 88, 0, 81, 173]",SCAN,1560,346,330,396
467,bursty,75,"[106, 19, 111, 174, 113, 125, 37, 118, 113, 106, 111, 108, 121, 102, 106, 110, 106, 115, 106, 104, 113, 114, 113, 127]",SCAN,624,254,249,371
468,sequential,136,"[15, 14, 13, 12, 11, 10, 9, 8, 7, 6, 5, 4, 3, 2, 1, 0, 0, 0, 0, 0, 0, 0, 0, 0]",FCFS,136,136,136,136
469,random,96,"[177, 104, 191, 177, 165, 128, 49, 171, 116, 68, 123, 63, 179, 20, 84, 179, 112, 60, 176, 123, 134, 195, 70, 37]",SSTF,1675,274,291,390
470,bursty,189,"[157, 170, 160, 165, 159, 158, 158, 160, 157, 167, 163, 165, 154, 164, 165, 150, 173, 157, 172, 170, 169, 152, 164, 161]",SSTF,214,39,39,39
471,sequential,50,"[105, 106, 107, 108, 109, 110, 111, 112, 113, 114, 115, 116, 117, 118, 119, 120, 121, 122, 123, 124, 125, 126, 127, 128]",FCFS,78,78,178,343
472,random,65,"[40, 151, 112, 175, 129, 70, 104, 7, 60, 191, 83, 33, 162, 172, 115, 105, 6, 171, 67, 64, 146, 48, 161, 109]",SSTF,1738,256,256,396
473,bursty,92,"[111, 24, 115, 111, 120, 108, 106, 106, 114, 119, 103, 110, 105, 112, 120, 109, 114, 139, 106, 190, 115, 175, 117, 123]",SSTF,637,264,282,387
474,sequential,86,"[167, 165, 163, 161, 159, 157, 155, 153, 151, 149, 147, 145, 143, 141, 139, 137, 135, 133, 131, 129, 127, 125, 123, 121]",SSTF,127,81,253,363
475,random,93,"[163, 7, 88, 20, 176, 6, 116, 24, 162, 2, 66, 188, 1, 112, 92, 194, 7, 91, 110, 169, 160, 148, 105, 151]",SCAN,2266,304,287,386
476,bursty,131,"[144, 65, 60, 53, 66, 51, 70, 57, 52, 42, 109, 54, 59, 60, 80, 72, 65, 59, 59, 44, 144, 63, 58, 162]",SSTF,653,151,293,385
477,sequential,131,"[129, 128, 127, 126, 125, 124, 123, 122, 121, 120, 119, 118, 117, 116, 115, 114, 113, 112, 111, 110, 109, 108, 107, 106]",FCFS,25,25,25,25
478,random,65,"[157, 169, 146, 23, 48, 93, 111, 80, 117, 41, 165, 154, 75, 71, 17, 79, 38, 187, 26, 113, 161, 179, 102, 52]",SCAN,1447,292,252,392
479,bursty,149,"[3, 14, 15, 5, 11, 16, 8, 152, 2, 125, 11, 4, 10, 11, 10, 15, 193, 19, 4, 10, 143, 13, 13, 5]",SSTF,1382,289,342,395
480,sequential,161,"[180, 182, 184, 186, 188, 190, 192, 194, 196, 198, 199, 199, 199, 199, 199, 199, 199, 199, 199, 199, 199, 199, 199, 199]",FCFS,38,38,360,379
481,random,195,"[17, 181, 80, 67, 140, 179, 30, 60, 118, 172, 188, 160, 12, 43, 81, 194, 169, 179, 79, 38, 107, 171, 127, 33]",SSTF,1680,183,183,183
482,bursty,18,"[95, 100, 102, 57, 94, 99, 98, 99, 99, 95, 102, 86, 94, 105, 95, 104, 95, 103, 102, 103, 95, 101, 96, 100]",SSTF,280,87,123,359
483,sequential,130,"[179, 180, 181, 182, 183, 184, 185, 186, 187, 188, 189, 190, 191, 192, 193, 194, 195, 196, 197, 198, 199, 199, 199, 199]",FCFS,69,69,329,349
484,random,23,"[168, 87, 146, 39, 151, 118, 84, 38, 182, 90, 35, 137, 143, 127, 3, 5, 50, 8, 79, 161, 174, 52, 9, 166]",SCAN,1733,338,205,386
485,bursty,73,"[118, 129, 89, 118, 196, 130, 187, 122, 119, 130, 36, 123, 122, 122, 124, 127, 128, 59, 130, 122, 127, 118, 123, 130]",SSTF,767,197,269,382
486,sequential,0,"[136, 134, 132, 130, 128, 126, 124, 122, 120, 118, 116, 114, 112, 110, 108, 106, 104, 102, 100, 98, 96, 94, 92, 90]",SSTF,182,136,136,308
487,random,92,"[69, 184, 135, 25, 197, 67, 51, 172, 58, 169, 91, 170, 177, 47, 138, 96, 49, 35, 64, 89, 142, 111, 61, 169]",SSTF,1745,283,289,394
488,bursty,164,"[5, 151, 151, 144, 156, 137, 151, 141, 152, 142, 144, 149, 114, 148, 143, 150, 150, 146, 146, 149, 155, 140, 149, 79]",SSTF,583,159,159,159
489,sequential,9,"[198, 199, 199, 199, 199, 199, 199, 199, 199, 199, 199, 199, 199, 199, 199, 199, 199, 199, 199, 199, 199, 199, 199, 199]",FCFS,190,190,208,209
490,random,186,"[60, 153, 27, 168, 156, 174, 148, 0, 20, 84, 53, 60, 192, 93, 57, 198, 108, 44, 102, 176, 34, 120, 18, 18]",SSTF,1836,210,384,392
491,bursty,103,"[47, 36, 78, 31, 48, 29, 93, 39, 40, 35, 43, 36, 146, 29, 40, 87, 38, 34, 30, 44, 43, 72, 38, 29]",SSTF,760,191,249,355
492,sequential,184,"[51, 54, 57, 60, 63, 66, 69, 72, 75, 78, 81, 84, 87, 90, 93, 96, 99, 102, 105, 108, 111, 114, 117, 120]",SSTF,202,133,133,133
493,random,58,"[20, 193, 126, 181, 91, 122, 21, 44, 176, 176, 8, 106, 179, 187, 13, 140, 2, 144, 187, 123, 184, 177, 45, 46]",SSTF,1946,247,251,365
494,bursty,147,"[15, 34, 28, 35, 186, 29, 47, 22, 23, 15, 28, 30, 25, 28, 25, 143, 127, 24, 26, 31, 29, 24, 24, 21]",SSTF,804,250,333,359
495,sequential,113,"[78, 81, 84, 87, 90, 93, 96, 99, 102, 105, 108, 111, 114, 117, 120, 123, 126, 129, 132, 135, 138, 141, 144, 147]",FCFS,104,106,260,397
496,random,95,"[107, 37, 152, 33, 81, 129, 9, 0, 179, 182, 18, 45, 113, 84, 149, 95, 197, 63, 138, 172, 121, 172, 71, 174]",SSTF,1781,292,292,386
497,bursty,93,"[103, 112, 110, 116, 66, 106, 112, 109, 114, 121, 109, 93, 110, 108, 97, 114, 38, 105, 106, 115, 106, 113, 104, 138]",SSTF,425,145,231,394
498,sequential,157,"[82, 79, 76, 73, 70, 67, 64, 61, 58, 55, 52, 49, 46, 43, 40, 37, 34, 31, 28, 25, 22, 19, 16, 13]",FCFS,144,144,144,144
499,random,155,"[105, 91, 2, 19, 55, 37, 44, 71, 110, 173, 57, 189, 96, 134, 2, 4, 18, 144, 128, 122, 105, 30, 91, 197]",SSTF,1294,348,352,380
500,bursty,10,"[34, 42, 88, 32, 40, 37, 88, 34, 31, 37, 45, 43, 32, 32, 27, 28, 48, 34, 22, 35, 88, 38, 32, 37]",SSTF,459,78,98,386
501,sequential,16,"[189, 186, 183, 180, 177, 174, 171, 168, 165, 162, 159, 156, 153, 150, 147, 144, 141, 138, 135, 132, 129, 126, 123, 120]",SSTF,242,173,205,294
502,random,80,"[30, 62, 67, 166, 142, 191, 112, 28, 21, 136, 58, 124, 181, 52, 109, 167, 151, 105, 10, 36, 113, 130, 31, 176]",SSTF,1510,251,271,373
503,bursty,10,"[51, 44, 25, 56, 47, 58, 54, 58, 37, 52, 46, 60, 193, 37, 47, 47, 38, 55, 49, 42, 60, 57, 68, 50]",SSTF,570,183,203,383
504,sequential,60,"[144, 146, 148, 150, 152, 154, 156, 158, 160, 162, 164, 166, 168, 170, 172, 174, 176, 178, 180, 182, 184, 186, 188, 190]",FCFS,130,130,250,314
505,random,136,"[105, 144, 6, 11, 68, 140, 27, 79, 85, 43, 77, 191, 43, 9, 125, 16, 75, 102, 119, 164, 61, 173, 74, 29]",SCAN,1617,331,327,394
506,bursty,117,"[126, 63, 126, 134, 127, 121, 181, 140, 128, 123, 129, 115, 71, 131, 131, 132, 59, 117, 121, 128, 123, 129, 121, 5]",SSTF,676,244,298,394
507,sequential,159,"[15, 14, 13, 12, 11, 10, 9, 8, 7, 6, 5, 4, 3, 2, 1, 0, 0, 0, 0, 0, 0, 0, 0, 0]",FCFS,159,159,159,159
508,random,121,"[152, 9, 43, 99, 86, 79, 114, 85, 40, 135, 194, 57, 79, 183, 9, 179, 42, 58, 120, 4, 123, 88, 90, 15]",SSTF,1716,313,315,396
509,bursty,161,"[117, 118, 115, 49, 126, 143, 123, 116, 121, 114, 118, 109, 111, 116, 124, 104, 112, 110, 110, 116, 116, 110, 95, 121]",SSTF,358,112,112,112
510,sequential,197,"[199, 197, 195, 193, 191, 189, 187, 185, 183, 181, 179, 177, 175, 173, 171, 169, 167, 165, 163, 161, 159, 157, 155, 153]",FCFS,48,48,396,396
511,random,41,"[183, 81, 81, 75, 50, 124, 119, 30, 95, 53, 180, 168, 25, 156, 101, 171, 54, 128, 39, 18, 149, 135, 163, 124]",SSTF,1601,188,224,389
512,bursty,128,"[161, 82, 171, 167, 170, 165, 152, 166, 168, 157, 173, 175, 42, 160, 160, 162, 168, 156, 168, 173, 163, 165, 154, 169]",SSTF,597,180,303,374
513,sequential,9,"[3, 5, 7, 9, 11, 13, 15, 17, 19, 21, 23, 25, 27, 29, 31, 33, 35, 37, 39, 41, 43, 45, 47, 49]",FCFS,52,52,58,396
514,random,191,"[97, 13, 164, 24, 177, 118, 79, 129, 17, 36, 76, 126, 20, 127, 147, 74, 174, 180, 17, 154, 103, 56, 7, 112]",SSTF,1955,184,184,184
515,bursty,190,"[96, 96, 108, 107, 103, 104, 106, 132, 110, 70, 103, 97, 110, 103, 105, 108, 106, 111, 51, 110, 103, 113, 1, 119]",SSTF,639,189,189,189
516,sequential,122,"[29, 31, 33, 35, 37, 39, 41, 43, 45, 47, 49, 51, 53, 55, 57, 59, 61, 63, 65, 67, 69, 71, 73, 75]",SSTF,139,93,93,93
517,random,65,"[140, 103, 117, 162, 123, 74, 141, 185, 31, 38, 85, 61, 171, 143, 18, 155, 187, 7, 45, 156, 166, 63, 76, 38]",SCAN,1527,310,252,389
518,bursty,175,"[83, 84, 88, 84, 96, 152, 81, 22, 80, 79, 95, 83, 72, 88, 86, 93, 91, 75, 95, 54, 83, 84, 81, 73]",SSTF,542,153,153,153
519,sequential,100,"[199, 199, 199, 199, 199, 199, 199, 199, 199, 199, 199, 199, 199, 199, 199, 199, 199, 199, 199, 199, 199, 199, 199, 199]",FCFS,99,99,299,299
520,random,6,"[102, 132, 168, 28, 157, 124, 89, 85, 129, 195, 187, 115, 178, 170, 62, 155, 11, 159, 46, 152, 49, 77, 132, 39]",SSTF,1755,189,201,393
521,bursty,10,"[120, 122, 122, 109, 44, 119, 41, 121, 108, 108, 113, 119, 120, 124, 113, 124, 109, 124, 116, 160, 61, 112, 108, 26]",SSTF,792,150,170,382
522,sequential,24,"[141, 139, 137, 135, 133, 131, 129, 127, 125, 123, 121, 119, 117, 115, 113, 111, 109, 107, 105, 103, 101, 99, 97, 95]",SSTF,163,117,165,327
523,random,6,"[150, 145, 155, 81, 117, 171, 150, 164, 69, 180, 196, 40, 30, 102, 52, 35, 95, 93, 48, 118, 150, 96, 92, 191]",SSTF,1251,190,202,374
524,bursty,42,"[58, 58, 58, 65, 55, 62, 59, 57, 160, 4, 59, 58, 59, 58, 45, 48, 60, 52, 59, 65, 193, 60, 58, 48]",SCAN,684,273,235,395
525,sequential,190,"[127, 128, 129, 130, 131, 132, 133, 134, 135, 136, 137, 138, 139, 140, 141, 142, 143, 144, 145, 146, 147, 148, 149, 150]",SSTF,86,63,63,63
526,random,69,"[5, 161, 75, 0, 17, 58, 152, 106, 115, 130, 79, 186, 8, 56, 130, 2, 166, 46, 70, 162, 90, 158, 152, 51]",SCAN,1836,303,255,397
527,bursty,62,"[27, 27, 12, 24, 26, 145, 22, 165, 26, 22, 30, 19, 139, 22, 30, 15, 23, 28, 70, 26, 28, 27, 30, 26]",SSTF,980,219,227,390
528,sequential,53,"[189, 191, 193, 195, 197, 199, 199, 199, 199, 199, 199, 199, 199, 199, 199, 199, 199, 199, 199, 199, 199, 199, 199, 199]",FCFS,146,146,252,262
529,random,16,"[172, 147, 173, 11, 19, 54, 113, 32, 49, 8, 101, 91, 87, 123, 167, 4, 182, 100, 77, 165, 146, 174, 123, 144]",SSTF,1450,196,198,395
530,bursty,47,"[131, 144, 140, 142, 150, 138, 129, 144, 140, 145, 138, 145, 73, 148, 138, 23, 146, 147, 83, 149, 133, 142, 143, 137]",SSTF,728,151,197,372
531,sequential,107,"[163, 160, 157, 154, 151, 148, 145, 142, 139, 136, 133, 130, 127, 124, 121, 118, 115, 112, 109, 106, 103, 100, 97, 94]",FCFS,125,127,270,396
532,random,18,"[150, 179, 156, 125, 135, 137, 194, 83, 0, 130, 151, 23, 21, 3, 5, 46, 90, 53, 95, 61, 188, 44, 95, 132]",SCAN,1336,222,212,395
533,bursty,43,"[48, 51, 153, 173, 37, 164, 44, 49, 52, 48, 48, 46, 45, 40, 58, 44, 48, 44, 46, 33, 50, 32, 33, 37]",SSTF,628,182,216,397
534,sequential,193,"[171, 173, 175, 177, 179, 181, 183, 185, 187, 189, 191, 193, 195, 197, 199, 199, 199, 199, 199, 199, 199, 199, 199, 199]",FCFS,50,50,392,396
535,random,191,"[55, 163, 121, 173, 85, 137, 129, 108, 35, 149, 57, 23, 79, 199, 160, 154, 55, 90, 22, 106, 172, 52, 137, 127]",SSTF,1608,185,390,390
536,bursty,28,"[56, 65, 47, 49, 63, 46, 56, 45, 51, 55, 52, 58, 57, 53, 62, 50, 68, 57, 65, 55, 49, 60, 182, 2]",SCAN,520,286,210,381
537,sequential,3,"[184, 185, 186, 187, 188, 189, 190, 191, 192, 193, 194, 195, 196, 197, 198, 199, 199, 199, 199, 199, 199, 199, 199, 199]",FCFS,196,196,202,217
538,random,197,"[86, 49, 65, 130, 40, 8, 83, 101, 144, 27, 183, 178, 66, 49, 27, 92, 150, 131, 40, 127, 13, 153, 85, 96]",SSTF,1569,189,189,189
539,bursty,149,"[142, 150, 23, 154, 147, 140, 164, 148, 154, 136, 150, 147, 146, 144, 155, 160, 150, 82, 156, 138, 148, 138, 190, 150]",SSTF,669,236,339,397
540,sequential,53,"[148, 147, 146, 145, 144, 143, 142, 141, 140, 139, 138, 137, 136, 135, 134, 133, 132, 131, 130, 129, 128, 127, 126, 125]",SSTF,118,95,201,326
541,random,58,"[166, 173, 30, 74, 80, 152, 153, 44, 175, 150, 115, 138, 112, 28, 100, 47, 110, 11, 73, 73, 163, 133, 187, 97]",SSTF,1427,223,245,383
542,bursty,102,"[41, 62, 75, 60, 69, 56, 183, 61, 68, 81, 72, 68, 57, 61, 68, 1, 66, 57, 75, 29, 67, 60, 69, 31]",SSTF,733,283,285,317
543,sequential,180,"[69, 67, 65, 63, 61, 59, 57, 55, 53, 51, 49, 47, 45, 43, 41, 39, 37, 35, 33, 31, 29, 27, 25, 23]",FCFS,157,157,157,157
544,random,78,"[67, 20, 10, 130, 166, 105, 1, 54, 143, 41, 120, 42, 0, 154, 149, 77, 49, 31, 93, 154, 44, 141, 169, 45]",SSTF,1591,247,247,383
545,bursty,71,"[79, 62, 77, 61, 74, 58, 72, 67, 76, 78, 168, 70, 68, 72, 72, 197, 79, 70, 70, 85, 76, 82, 61, 62]",SSTF,613,180,268,397
546,sequential,91,"[62, 61, 60, 59, 58, 57, 56, 55, 54, 53, 52, 51, 50, 49, 48, 47, 46, 45, 44, 43, 42, 41, 40, 39]",FCFS,52,52,52,52
547,random,68,"[153, 192, 5, 24, 57, 125, 81, 71, 9, 19, 168, 122, 120, 111, 145, 51, 56, 189, 62, 130, 41, 12, 144, 116]",SSTF,1502,256,260,395
548,bursty,100,"[99, 110, 99, 100, 106, 90, 107, 108, 93, 99, 104, 108, 106, 183, 102, 106, 101, 93, 108, 100, 38, 106, 94, 95]",SSTF,437,229,283,397
549,sequential,179,"[27, 24, 21, 18, 15, 12, 9, 6, 3, 0, 0, 0, 0, 0, 0, 0, 0, 0, 0, 0, 0, 0, 0, 0]",FCFS,179,179,179,179
550,random,176,"[149, 62, 105, 96, 122, 70, 150, 84, 152, 28, 34, 76, 59, 36, 47, 69, 89, 152, 192, 194, 25, 143, 105, 165]",SSTF,1213,320,370,382
551,bursty,2,"[104, 111, 97, 97, 111, 111, 112, 94, 110, 112, 111, 110, 107, 99, 108, 111, 120, 49, 110, 112, 102, 111, 101, 109]",SSTF,379,118,122,351
552,sequential,141,"[171, 172, 173, 174, 175, 176, 177, 178, 179, 180, 181, 182, 183, 184, 185, 186, 187, 188, 189, 190, 191, 192, 193, 194]",FCFS,53,53,335,368
553,random,123,"[162, 184, 47, 171, 195, 16, 4, 191, 15, 63, 37, 181, 97, 33, 178, 121, 155, 179, 83, 46, 193, 140, 161, 112]",SSTF,1929,310,318,381
554,bursty,41,"[116, 118, 119, 118, 125, 124, 127, 116, 126, 128, 129, 121, 114, 122, 120, 123, 82, 126, 129, 117, 134, 117, 118, 125]",SSTF,284,93,175,357
555,sequential,6,"[148, 149, 150, 151, 152, 153, 154, 155, 156, 157, 158, 159, 160, 161, 162, 163, 164, 165, 166, 167, 168, 169, 170, 171]",FCFS,165,165,177,256
556,random,174,"[95, 77, 124, 118, 18, 87, 12, 170, 97, 164, 131, 38, 188, 48, 190, 198, 8, 129, 26, 164, 119, 31, 144, 47]",SSTF,2153,356,372,384
557,bursty,166,"[96, 88, 84, 10, 95, 90, 84, 93, 100, 90, 95, 44, 193, 77, 89, 92, 131, 89, 91, 103, 76, 91, 92, 98]",SSTF,758,210,359,371
558,sequential,76,"[104, 102, 100, 98, 96, 94, 92, 90, 88, 86, 84, 82, 80, 78, 76, 74, 72, 70, 68, 66, 64, 62, 60, 58]",FCFS,74,74,180,396
559,random,151,"[95, 197, 102, 102, 175, 48, 141, 34, 58, 22, 30, 90, 116, 93, 148, 156, 112, 160, 71, 22, 133, 2, 115, 149]",SSTF,1512,344,348,393
560,bursty,104,"[83, 63, 9, 88, 79, 83, 91, 99, 75, 53, 94, 93, 78, 55, 90, 29, 73, 89, 97, 112, 94, 13, 83, 29]",SSTF,731,198,216,390
561,sequential,100,"[5, 8, 11, 14, 17, 20, 23, 26, 29, 32, 35, 38, 41, 44, 47, 50, 53, 56, 59, 62, 65, 68, 71, 74]",SSTF,164,95,95,95
562,random,189,"[123, 47, 128, 163, 36, 155, 176, 103, 149, 86, 98, 105, 177, 184, 98, 167, 157, 76, 180, 1, 150, 164, 181, 180]",SSTF,1515,188,188,188
563,bursty,142,"[4, 131, 136, 119, 131, 132, 133, 136, 138, 130, 138, 143, 44, 134, 137, 133, 131, 140, 52, 136, 141, 2, 130, 136]",SSTF,984,142,285,397
564,sequential,87,"[126, 128, 130, 132, 134, 136, 138, 140, 142, 144, 146, 148, 150, 152, 154, 156, 158, 160, 162, 164, 166, 168, 170, 172]",FCFS,85,85,259,359
565,random,176,"[93, 76, 62, 3, 153, 47, 119, 38, 131, 50, 172, 23, 23, 1, 160, 134, 132, 18, 160, 183, 11, 170, 158, 101]",SSTF,1915,357,359,391
566,bursty,146,"[141, 52, 44, 173, 46, 40, 54, 45, 53, 61, 50, 52, 47, 46, 18, 51, 55, 52, 50, 49, 45, 48, 46, 48]",SSTF,504,192,319,371
567,sequential,142,"[139, 137, 135, 133, 131, 129, 127, 125, 123, 121, 119, 117, 115, 113, 111, 109, 107, 105, 103, 101, 99, 97, 95, 93]",FCFS,49,49,49,49
568,random,178,"[38, 131, 15, 117, 19, 141, 154, 147, 31, 48, 198, 137, 72, 87, 71, 0, 19, 170, 46, 109, 171, 159, 109, 188]",SSTF,1762,376,376,388
569,bursty,167,"[137, 124, 137, 104, 140, 1, 128, 126, 137, 133, 129, 126, 141, 133, 124, 136, 124, 126, 136, 127, 129, 127, 128, 131]",SSTF,500,166,166,166
570,sequential,81,"[173, 170, 167, 164, 161, 158, 155, 152, 149, 146, 143, 140, 137, 134, 131, 128, 125, 122, 119, 116, 113, 110, 107, 104]",SSTF,161,92,254,375
571,random,171,"[140, 111, 128, 34, 103, 180, 152, 43, 185, 23, 157, 57, 180, 92, 58, 84, 194, 143, 14, 49, 180, 191, 50, 146]",SSTF,1967,203,365,389
572,bursty,69,"[45, 40, 43, 57, 33, 62, 179, 46, 162, 53, 45, 35, 42, 47, 49, 43, 46, 58, 114, 90, 48, 51, 64, 37]",SSTF,792,182,248,377
573,sequential,164,"[24, 21, 18, 15, 12, 9, 6, 3, 0, 0, 0, 0, 0, 0, 0, 0, 0, 0, 0, 0, 0, 0, 0, 0]",FCFS,164,164,164,164
574,random,101,"[115, 116, 124, 63, 121, 81, 79, 146, 88, 12, 94, 27, 99, 120, 51, 53, 173, 58, 159, 162, 87, 53, 143, 159]",SSTF,1252,250,274,384
575,bursty,182,"[132, 132, 102, 120, 124, 121, 134, 125, 161, 128, 55, 126, 131, 141, 139, 154, 138, 137, 124, 133, 125, 40, 132, 123]",SSTF,605,142,142,142
576,sequential,126,"[91, 88, 85, 82, 79, 76, 73, 70, 67, 64, 61, 58, 55, 52, 49, 46, 43, 40, 37, 34, 31, 28, 25, 22]",FCFS,104,104,104,104
577,random,156,"[61, 31, 194, 42, 195, 59, 27, 26, 154, 27, 9, 141, 135, 168, 125, 188, 36, 36, 116, 99, 110, 90, 17, 124]",SSTF,1772,333,351,386
578,bursty,3,"[115, 107, 121, 107, 109, 105, 116, 144, 108, 189, 111, 118, 116, 110, 119, 104, 95, 114, 122, 116, 110, 104, 112, 96]",SSTF,505,186,192,306
579,sequential,74,"[167, 165, 163, 161, 159, 157, 155, 153, 151, 149, 147, 145, 143, 141, 139, 137, 135, 133, 131, 129, 127, 125, 123, 121]",SSTF,139,93,241,351
580,random,101,"[191, 32, 149, 189, 74, 79, 150, 155, 114, 20, 177, 78, 64, 105, 148, 45, 117, 120, 157, 104, 32, 85, 64, 173]",SSTF,1614,261,292,395
581,bursty,178,"[155, 159, 172, 169, 158, 165, 165, 163, 164, 166, 160, 6, 155, 158, 167, 151, 167, 160, 169, 172, 164, 186, 29, 162]",SSTF,758,242,364,390
582,sequential,96,"[57, 54, 51, 48, 45, 42, 39, 36, 33, 30, 27, 24, 21, 18, 15, 12, 9, 6, 3, 0, 0, 0, 0, 0]",FCFS,96,96,96,96
583,random,102,"[43, 194, 18, 9, 99, 188, 57, 178, 53, 29, 94, 59, 65, 179, 179, 101, 185, 165, 66, 55, 24, 46, 53, 128]",SSTF,1622,278,296,372
584,bursty,78,"[175, 119, 128, 78, 164, 129, 123, 127, 126, 125, 143, 127, 117, 132, 125, 125, 128, 129, 115, 127, 18, 123, 26, 128]",SCAN,854,254,253,361
585,sequential,40,"[34, 31, 28, 25, 22, 19, 16, 13, 10, 7, 4, 1, 0, 0, 0, 0, 0, 0, 0, 0, 0, 0, 0, 0]",FCFS,40,40,40,40
586,random,112,"[49, 12, 99, 180, 74, 179, 185, 186, 12, 191, 20, 91, 37, 62, 188, 183, 147, 63, 89, 174, 19, 79, 100, 147]",SSTF,1805,279,303,363
587,bursty,117,"[19, 21, 13, 7, 23, 16, 194, 11, 9, 12, 14, 14, 9, 14, 15, 19, 17, 21, 21, 13, 21, 13, 25, 9]",SSTF,578,264,311,321
588,sequential,131,"[105, 104, 103, 102, 101, 100, 99, 98, 97, 96, 95, 94, 93, 92, 91, 90, 89, 88, 87, 86, 85, 84, 83, 82]",FCFS,49,49,49,49
589,random,117,"[76, 102, 27, 146, 143, 24, 123, 135, 40, 159, 138, 53, 105, 199, 31, 193, 149, 64, 160, 78, 198, 156, 89, 121]",SSTF,1858,257,316,394
590,bursty,179,"[118, 143, 128, 128, 121, 128, 125, 116, 129, 130, 120, 117, 165, 127, 122, 154, 122, 115, 117, 112, 119, 125, 126, 133]",SSTF,344,67,67,67
591,sequential,102,"[174, 171, 168, 165, 162, 159, 156, 153, 150, 147, 144, 141, 138, 135, 132, 129, 126, 123, 120, 117, 114, 111, 108, 105]",SSTF,141,72,276,395
592,random,40,"[124, 76, 115, 61, 95, 42, 92, 56, 164, 170, 75, 27, 40, 31, 152, 36, 136, 39, 133, 45, 190, 62, 69, 149]",SSTF,1653,188,230,396
593,bursty,189,"[42, 53, 0, 48, 40, 55, 45, 36, 58, 40, 55, 46, 46, 136, 47, 129, 43, 49, 47, 139, 61, 44, 18, 39]",SSTF,954,189,189,189
594,sequential,16,"[39, 40, 41, 42, 43, 44, 45, 46, 47, 48, 49, 50, 51, 52, 53, 54, 55, 56, 57, 58, 59, 60, 61, 62]",FCFS,46,46,78,375
595,random,192,"[196, 193, 163, 170, 132, 3, 134, 114, 9, 175, 110, 60, 3, 153, 61, 160, 98, 110, 174, 33, 128, 170, 97, 5]",SSTF,1727,197,388,397
596,bursty,131,"[126, 135, 136, 137, 196, 117, 190, 131, 135, 136, 132, 126, 141, 135, 131, 21, 135, 2, 138, 144, 139, 140, 131, 133]",SSTF,842,313,327,397
597,sequential,70,"[168, 165, 162, 159, 156, 153, 150, 147, 144, 141, 138, 135, 132, 129, 126, 123, 120, 117, 114, 111, 108, 105, 102, 99]",SSTF,167,98,238,369
598,random,21,"[91, 176, 56, 6, 183, 114, 173, 92, 128, 42, 186, 155, 194, 64, 25, 129, 3, 30, 181, 75, 59, 198, 184, 92]",SCAN,1991,372,219,394
599,bursty,118,"[134, 123, 114, 114, 21, 122, 124, 118, 124, 119, 116, 125, 120, 124, 114, 118, 126, 116, 121, 118, 134, 191, 167, 116]",SSTF,458,283,309,397
600,sequential,93,"[97, 99, 101, 103, 105, 107, 109, 111, 113, 115, 117, 119, 121, 123, 125, 127, 129, 131, 133, 135, 137, 139, 141, 143]",FCFS,50,50,236,394
601,random,55,"[90, 53, 108, 33, 78, 189, 1, 140, 108, 74, 43, 2, 156, 11, 122, 67, 123, 174, 89, 118, 133, 92, 60, 71]",SCAN,1608,326,244,393
602,bursty,180,"[148, 160, 150, 144, 139, 158, 143, 157, 142, 144, 109, 150, 152, 147, 155, 48, 151, 156, 157, 155, 155, 152, 169, 157]",SSTF,471,132,132,132
603,sequential,193,"[139, 142, 145, 148, 151, 154, 157, 160, 163, 166, 169, 172, 175, 178, 181, 184, 187, 190, 193, 196, 199, 199, 199, 199]",FCFS,114,114,392,395
604,random,28,"[142, 7, 177, 110, 185, 91, 131, 195, 111, 50, 177, 177, 80, 163, 159, 117, 173, 166, 144, 110, 63, 189, 64, 132]",SSTF,1742,209,223,376
605,bursty,49,"[76, 82, 78, 70, 69, 76, 70, 126, 78, 66, 76, 84, 77, 66, 82, 111, 71, 73, 66, 81, 77, 63, 182, 87]",SSTF,552,133,231,384
606,sequential,81,"[70, 69, 68, 67, 66, 65, 64, 63, 62, 61, 60, 59, 58, 57, 56, 55, 54, 53, 52, 51, 50, 49, 48, 47]",FCFS,34,34,34,34
607,random,168,"[158, 115, 26, 38, 71, 172, 88, 160, 45, 105, 77, 34, 153, 34, 192, 118, 19, 11, 192, 25, 191, 3, 168, 73]",SCAN,2229,362,360,394
608,bursty,197,"[87, 98, 79, 127, 103, 91, 119, 100, 111, 94, 96, 93, 96, 99, 96, 122, 83, 93, 86, 92, 95, 29, 98, 87]",SSTF,550,168,168,168
609,sequential,102,"[110, 109, 108, 107, 106, 105, 104, 103, 102, 101, 100, 99, 98, 97, 96, 95, 94, 93, 92, 91, 90, 89, 88, 87]",FCFS,31,31,212,397
610,random,92,"[161, 189, 187, 142, 78, 64, 63, 116, 149, 125, 88, 198, 192, 75, 158, 75, 11, 96, 186, 21, 12, 199, 168, 119]",SSTF,1449,285,291,394
611,bursty,186,"[160, 158, 163, 144, 158, 159, 151, 82, 154, 149, 144, 157, 148, 148, 161, 178, 166, 157, 153, 163, 112, 147, 119, 163]",SSTF,471,104,104,104
612,sequential,57,"[16, 17, 18, 19, 20, 21, 22, 23, 24, 25, 26, 27, 28, 29, 30, 31, 32, 33, 34, 35, 36, 37, 38, 39]",SSTF,64,41,41,41
613,random,192,"[185, 131, 129, 129, 167, 170, 89, 104, 26, 90, 73, 124, 70, 73, 114, 5, 42, 58, 167, 159, 136, 140, 169, 89]",SSTF,923,187,187,187
614,bursty,43,"[126, 134, 139, 134, 147, 127, 128, 147, 138, 134, 136, 130, 125, 139, 135, 134, 169, 138, 139, 129, 125, 133, 181, 129]",SSTF,388,138,224,316
615,sequential,36,"[133, 136, 139, 142, 145, 148, 151, 154, 157, 160, 163, 166, 169, 172, 175, 178, 181, 184, 187, 190, 193, 196, 199, 199]",FCFS,163,163,235,301
616,random,54,"[146, 133, 15, 132, 85, 17, 8, 174, 75, 127, 75, 71, 110, 122, 5, 44, 70, 4, 75, 1, 130, 51, 15, 168]",SCAN,1678,313,228,382
617,bursty,53,"[125, 108, 101, 105, 108, 66, 104, 102, 101, 112, 107, 44, 114, 111, 106, 88, 115, 109, 110, 104, 101, 111, 103, 110]",SSTF,429,90,178,385
618,sequential,46,"[191, 190, 189, 188, 187, 186, 185, 184, 183, 182, 181, 180, 179, 178, 177, 176, 175, 174, 173, 172, 171, 170, 169, 168]",SSTF,168,145,237,276
619,random,32,"[195, 48, 171, 115, 164, 158, 107, 82, 83, 31, 69, 89, 31, 147, 183, 0, 169, 120, 166, 117, 92, 0, 91, 99]",SCAN,1653,360,227,382
620,bursty,111,"[52, 62, 55, 170, 58, 7, 36, 60, 56, 57, 49, 58, 70, 51, 33, 18, 54, 66, 64, 37, 63, 62, 56, 58]",SSTF,605,267,281,339
621,sequential,10,"[99, 97, 95, 93, 91, 89, 87, 85, 83, 81, 79, 77, 75, 73, 71, 69, 67, 65, 63, 61, 59, 57, 55, 53]",SSTF,135,89,109,355
622,random,157,"[52, 57, 35, 90, 115, 95, 58, 167, 176, 196, 111, 189, 31, 144, 141, 158, 136, 195, 199, 98, 66, 56, 185, 4]",SSTF,1399,237,356,397
623,bursty,168,"[174, 175, 164, 14, 181, 177, 176, 172, 181, 172, 179, 52, 161, 175, 175, 177, 181, 171, 183, 181, 171, 173, 166, 175]",SSTF,677,198,351,395
624,sequential,77,"[31, 33, 35, 37, 39, 41, 43, 45, 47, 49, 51, 53, 55, 57, 59, 61, 63, 65, 67, 69, 71, 73, 75, 77]",SSTF,92,46,46,46
625,random,21,"[162, 120, 97, 155, 14, 167, 95, 180, 116, 112, 147, 146, 156, 126, 190, 56, 113, 50, 104, 149, 193, 129, 55, 196]",SSTF,1599,189,217,369
626,bursty,143,"[112, 103, 115, 101, 101, 105, 98, 8, 104, 110, 111, 111, 117, 110, 110, 101, 6, 124, 97, 109, 104, 59, 103, 103]",SSTF,638,137,137,137
627,sequential,104,"[3, 2, 1, 0, 0, 0, 0, 0, 0, 0, 0, 0, 0, 0, 0, 0, 0, 0, 0, 0, 0, 0, 0, 0]",FCFS,104,104,104,104
628,random,125,"[38, 2, 165, 102, 190, 19, 112, 197, 160, 53, 70, 100, 46, 83, 195, 130, 111, 195, 59, 66, 55, 12, 197, 151]",SCAN,1776,328,322,393
629,bursty,111,"[126, 135, 132, 129, 127, 128, 134, 130, 133, 131, 133, 134, 101, 79, 129, 132, 109, 134, 103, 134, 128, 148, 125, 119]",SSTF,324,126,259,390
630,sequential,191,"[112, 113, 114, 115, 116, 117, 118, 119, 120, 121, 122, 123, 124, 125, 126, 127, 128, 129, 130, 131, 132, 133, 134, 135]",SSTF,102,79,79,79
631,random,132,"[194, 18, 115, 142, 179, 191, 110, 46, 196, 122, 2, 181, 173, 181, 51, 27, 145, 94, 198, 132, 61, 82, 156, 92]",SSTF,1818,262,330,388
632,bursty,34,"[23, 11, 16, 21, 171, 8, 30, 17, 28, 26, 25, 16, 32, 25, 72, 24, 12, 22, 117, 30, 31, 26, 24, 18]",SSTF,740,189,205,360
633,sequential,15,"[181, 182, 183, 184, 185, 186, 187, 188, 189, 190, 191, 192, 193, 194, 195, 196, 197, 198, 199, 199, 199, 199, 199, 199]",FCFS,184,184,214,232
634,random,108,"[57, 17, 123, 106, 107, 71, 168, 30, 188, 180, 4, 122, 18, 192, 87, 158, 127, 48, 167, 70, 182, 4, 111, 59]",SSTF,2175,276,300,395
635,bursty,142,"[103, 99, 107, 113, 22, 103, 169, 141, 110, 104, 117, 111, 109, 104, 102, 109, 102, 113, 63, 119, 103, 109, 105, 110]",SSTF,550,267,311,371
636,sequential,168,"[76, 73, 70, 67, 64, 61, 58, 55, 52, 49, 46, 43, 40, 37, 34, 31, 28, 25, 22, 19, 16, 13, 10, 7]",FCFS,161,161,161,161
637,random,3,"[116, 102, 140, 171, 33, 2, 191, 69, 65, 164, 187, 179, 99, 13, 45, 181, 116, 98, 197, 126, 85, 194, 98, 21]",SSTF,1720,196,200,388
638,bursty,42,"[144, 152, 156, 142, 148, 132, 147, 149, 148, 150, 141, 153, 153, 148, 147, 147, 140, 148, 145, 135, 93, 155, 3, 144]",SSTF,622,192,198,347
639,sequential,30,"[165, 166, 167, 168, 169, 170, 171, 172, 173, 174, 175, 176, 177, 178, 179, 180, 181, 182, 183, 184, 185, 186, 187, 188]",FCFS,158,158,218,263
640,random,86,"[105, 113, 187, 21, 148, 41, 74, 181, 108, 32, 9, 27, 48, 48, 156, 118, 150, 141, 140, 136, 86, 95, 69, 131]",SCAN,1191,279,273,389
641,bursty,77,"[54, 112, 123, 117, 111, 114, 119, 115, 123, 98, 115, 117, 126, 126, 116, 112, 114, 45, 121, 99, 121, 120, 114, 118]",SSTF,393,130,203,377
642,sequential,41,"[126, 128, 130, 132, 134, 136, 138, 140, 142, 144, 146, 148, 150, 152, 154, 156, 158, 160, 162, 164, 166, 168, 170, 172]",FCFS,131,131,213,313
643,random,13,"[107, 37, 190, 27, 131, 60, 29, 166, 165, 3, 187, 8, 98, 149, 3, 91, 160, 14, 64, 126, 158, 58, 166, 78]",SSTF,2379,199,203,397
644,bursty,95,"[81, 65, 74, 69, 77, 70, 81, 77, 64, 65, 72, 59, 72, 69, 73, 70, 68, 81, 77, 189, 68, 72, 47, 68]",SSTF,433,190,284,304
645,sequential,120,"[24, 26, 28, 30, 32, 34, 36, 38, 40, 42, 44, 46, 48, 50, 52, 54, 56, 58, 60, 62, 64, 66, 68, 70]",SSTF,142,96,96,96
646,random,53,"[11, 31, 160, 114, 18, 11, 79, 35, 86, 11, 168, 28, 53, 114, 39, 16, 136, 149, 95, 11, 162, 40, 50, 180]",SSTF,1743,211,233,372
647,bursty,134,"[21, 77, 74, 69, 75, 74, 76, 88, 75, 73, 73, 27, 50, 80, 84, 70, 80, 72, 180, 77, 81, 81, 77, 5]",SSTF,639,304,314,352
648,sequential,117,"[52, 51, 50, 49, 48, 47, 46, 45, 44, 43, 42, 41, 40, 39, 38, 37, 36, 35, 34, 33, 32, 31, 30, 29]",FCFS,88,88,88,88
649,random,109,"[145, 172, 134, 24, 47, 189, 134, 98, 39, 108, 29, 61, 191, 16, 110, 155, 122, 147, 36, 39, 149, 97, 48, 14]",SSTF,1567,287,300,397
650,bursty,145,"[167, 175, 167, 168, 173, 167, 170, 170, 167, 176, 20, 165, 183, 167, 6, 65, 126, 169, 162, 176, 158, 167, 181, 167]",SSTF,800,215,328,385
651,sequential,133,"[67, 64, 61, 58, 55, 52, 49, 46, 43, 40, 37, 34, 31, 28, 25, 22, 19, 16, 13, 10, 7, 4, 1, 0]",FCFS,133,133,133,133
652,random,172,"[97, 102, 14, 22, 122, 148, 130, 104, 188, 108, 102, 167, 155, 157, 90, 82, 161, 101, 66, 67, 9, 22, 24, 60]",SSTF,954,342,360,382
653,bursty,112,"[56, 58, 45, 54, 60, 75, 52, 23, 64, 52, 58, 60, 40, 55, 51, 16, 50, 67, 64, 164, 58, 118, 55, 57]",SSTF,673,256,276,392
654,sequential,132,"[101, 100, 99, 98, 97, 96, 95, 94, 93, 92, 91, 90, 89, 88, 87, 86, 85, 84, 83, 82, 81, 80, 79, 78]",FCFS,54,54,54,54
655,random,62,"[183, 133, 28, 101, 45, 115, 18, 199, 163, 69, 54, 122, 20, 32, 169, 177, 108, 171, 93, 151, 106, 12, 45, 67]",SSTF,1687,251,261,393
656,bursty,13,"[19, 34, 31, 25, 25, 144, 28, 176, 32, 139, 182, 23, 28, 22, 21, 21, 25, 148, 29, 26, 28, 21, 33, 28]",SSTF,1153,169,195,392
657,sequential,65,"[132, 129, 126, 123, 120, 117, 114, 111, 108, 105, 102, 99, 96, 93, 90, 87, 84, 81, 78, 75, 72, 69, 66, 63]",FCFS,136,136,197,397
658,random,39,"[173, 14, 188, 28, 112, 55, 162, 182, 84, 73, 153, 84, 193, 67, 184, 36, 106, 42, 180, 58, 98, 96, 50, 188]",SCAN,2273,339,232,395
659,bursty,59,"[188, 184, 174, 180, 179, 175, 5, 171, 176, 183, 186, 173, 180, 174, 175, 177, 173, 169, 184, 177, 182, 178, 177, 182]",SSTF,579,237,247,288
660,sequential,21,"[40, 39, 38, 37, 36, 35, 34, 33, 32, 31, 30, 29, 28, 27, 26, 25, 24, 23, 22, 21, 20, 19, 18, 17]",FCFS,42,42,61,397
661,random,24,"[9, 106, 39, 174, 14, 23, 145, 10, 18, 162, 37, 184, 172, 37, 88, 137, 85, 159, 129, 120, 161, 173, 199, 116]",SSTF,1738,205,223,385
662,bursty,109,"[52, 55, 57, 63, 59, 49, 54, 68, 60, 47, 53, 185, 50, 57, 53, 52, 50, 52, 49, 56, 63, 55, 49, 81]",SSTF,474,200,294,322
663,sequential,56,"[68, 67, 66, 65, 64, 63, 62, 61, 60, 59, 58, 57, 56, 55, 54, 53, 52, 51, 50, 49, 48, 47, 46, 45]",FCFS,35,35,124,397
664,random,189,"[14, 51, 30, 18, 186, 66, 111, 195, 137, 19, 197, 38, 3, 136, 143, 87, 157, 69, 173, 194, 87, 105, 113, 23]",SSTF,1912,208,386,393
665,bursty,23,"[35, 30, 33, 42, 32, 29, 22, 163, 37, 28, 29, 36, 26, 11, 38, 15, 22, 24, 26, 27, 43, 36, 34, 32]",SCAN,447,206,186,397
666,sequential,65,"[128, 129, 130, 131, 132, 133, 134, 135, 136, 137, 138, 139, 140, 141, 142, 143, 144, 145, 146, 147, 148, 149, 150, 151]",FCFS,86,86,216,335
667,random,101,"[170, 152, 43, 28, 156, 47, 142, 53, 142, 169, 90, 64, 192, 101, 149, 190, 63, 37, 93, 177, 91, 193, 89, 134]",SSTF,1791,238,294,365
668,bursty,84,"[45, 187, 168, 190, 186, 182, 176, 176, 179, 93, 173, 173, 172, 177, 178, 174, 185, 174, 169, 181, 176, 175, 179, 178]",SSTF,466,202,274,389
669,sequential,26,"[55, 53, 51, 49, 47, 45, 43, 41, 39, 37, 35, 33, 31, 29, 27, 25, 23, 21, 19, 17, 15, 13, 11, 9]",FCFS,75,75,81,397
670,random,168,"[142, 56, 199, 156, 182, 95, 139, 82, 107, 69, 17, 13, 36, 13, 69, 181, 168, 189, 155, 1, 152, 187, 45, 115]",SSTF,1465,365,367,385
671,bursty,89,"[28, 32, 29, 33, 38, 37, 146, 21, 39, 199, 117, 37, 31, 23, 17, 43, 39, 33, 41, 24, 33, 38, 43, 59]",SCAN,768,292,288,370
672,sequential,183,"[43, 40, 37, 34, 31, 28, 25, 22, 19, 16, 13, 10, 7, 4, 1, 0, 0, 0, 0, 0, 0, 0, 0, 0]",FCFS,183,183,183,183
673,random,111,"[187, 194, 75, 24, 100, 186, 138, 165, 43, 98, 21, 22, 185, 128, 4, 192, 99, 97, 62, 75, 190, 149, 162, 61]",SSTF,1690,297,305,381
674,bursty,74,"[9, 146, 147, 145, 160, 154, 142, 28, 151, 147, 161, 71, 149, 151, 150, 145, 156, 197, 150, 152, 140, 149, 147, 139]",SSTF,801,253,271,333
675,sequential,178,"[90, 92, 94, 96, 98, 100, 102, 104, 106, 108, 110, 112, 114, 116, 118, 120, 122, 124, 126, 128, 130, 132, 134, 136]",SSTF,134,88,88,88
676,random,159,"[53, 108, 21, 26, 132, 11, 58, 6, 151, 74, 98, 7, 71, 59, 62, 108, 0, 47, 20, 76, 106, 9, 150, 86]",SSTF,1611,159,159,159
677,bursty,99,"[95, 120, 123, 126, 108, 110, 186, 120, 121, 113, 120, 97, 147, 130, 132, 179, 124, 118, 121, 107, 119, 199, 118, 102]",SSTF,619,108,298,395
678,sequential,140,"[158, 160, 162, 164, 166, 168, 170, 172, 174, 176, 178, 180, 182, 184, 186, 188, 190, 192, 194, 196, 198, 199, 199, 199]",FCFS,59,59,339,380
679,random,110,"[23, 54, 169, 143, 46, 165, 194, 65, 195, 145, 120, 149, 188, 68, 140, 8, 138, 152, 11, 152, 137, 94, 1, 23]",SSTF,1829,279,305,388
680,bursty,99,"[180, 171, 172, 171, 172, 175, 167, 175, 175, 187, 13, 177, 180, 178, 181, 172, 184, 174, 173, 175, 183, 173, 174, 171]",SSTF,526,262,286,330
681,sequential,57,"[151, 154, 157, 160, 163, 166, 169, 172, 175, 178, 181, 184, 187, 190, 193, 196, 199, 199, 199, 199, 199, 199, 199, 199]",FCFS,142,142,256,304
682,random,79,"[151, 104, 41, 96, 112, 28, 58, 36, 182, 186, 23, 101, 129, 22, 147, 149, 7, 190, 174, 22, 69, 49, 125, 141]",SSTF,1694,255,269,381
683,bursty,89,"[33, 48, 40, 56, 46, 46, 41, 45, 46, 38, 51, 43, 102, 42, 52, 180, 42, 46, 85, 168, 52, 47, 54, 43]",SSTF,804,237,269,385
684,sequential,117,"[159, 160, 161, 162, 163, 164, 165, 166, 167, 168, 169, 170, 171, 172, 173, 174, 175, 176, 177, 178, 179, 180, 181, 182]",FCFS,65,65,299,356
685,random,46,"[4, 146, 171, 49, 38, 13, 144, 67, 168, 126, 145, 81, 12, 184, 104, 124, 195, 115, 147, 79, 163, 29, 139, 82]",SSTF,1778,239,241,395
686,bursty,66,"[113, 110, 103, 116, 103, 112, 119, 107, 122, 95, 111, 112, 107, 109, 116, 112, 118, 111, 114, 115, 123, 112, 102, 110]",SSTF,242,57,189,369
687,sequential,136,"[164, 165, 166, 167, 168, 169, 170, 171, 172, 173, 174, 175, 176, 177, 178, 179, 180, 181, 182, 183, 184, 185, 186, 187]",FCFS,51,51,323,370
688,random,7,"[88, 64, 167, 193, 186, 104, 62, 114, 125, 127, 16, 158, 117, 35, 172, 193, 179, 48, 179, 194, 72, 10, 122, 138]",SSTF,1567,187,201,395
689,bursty,133,"[81, 78, 84, 87, 86, 72, 76, 89, 82, 74, 85, 85, 79, 54, 87, 81, 85, 76, 79, 78, 78, 84, 70, 83]",SSTF,242,79,79,79
690,sequential,8,"[52, 49, 46, 43, 40, 37, 34, 31, 28, 25, 22, 19, 16, 13, 10, 7, 4, 1, 0, 0, 0, 0, 0, 0]",SCAN,96,98,60,396
691,random,179,"[136, 138, 57, 114, 144, 73, 124, 89, 1, 184, 163, 190, 44, 40, 77, 139, 47, 46, 65, 181, 29, 33, 179, 58]",SSTF,1589,200,369,396
692,bursty,153,"[136, 34, 34, 35, 32, 42, 43, 44, 42, 44, 41, 34, 40, 107, 34, 51, 82, 47, 39, 35, 39, 43, 38, 38]",SSTF,403,121,121,121
693,sequential,193,"[18, 20, 22, 24, 26, 28, 30, 32, 34, 36, 38, 40, 42, 44, 46, 48, 50, 52, 54, 56, 58, 60, 62, 64]",SSTF,221,175,175,175
694,random,104,"[130, 155, 161, 118, 45, 33, 4, 111, 5, 103, 173, 191, 87, 60, 90, 12, 105, 25, 138, 187, 157, 81, 54, 100]",SSTF,1366,291,295,397
695,bursty,111,"[142, 133, 134, 135, 133, 131, 137, 45, 122, 128, 132, 135, 141, 137, 124, 144, 96, 139, 145, 141, 141, 158, 142, 62]",SSTF,491,160,269,387
696,sequential,88,"[30, 32, 34, 36, 38, 40, 42, 44, 46, 48, 50, 52, 54, 56, 58, 60, 62, 64, 66, 68, 70, 72, 74, 76]",SSTF,104,58,58,58
697,random,160,"[124, 92, 67, 89, 87, 158, 128, 65, 66, 147, 38, 41, 122, 8, 55, 84, 70, 21, 73, 56, 115, 2, 89, 5]",SSTF,1221,158,158,158
698,bursty,152,"[45, 73, 76, 76, 70, 82, 65, 74, 70, 68, 83, 152, 65, 84, 75, 80, 65, 74, 74, 71, 71, 75, 68, 72]",SSTF,434,107,107,107
699,sequential,175,"[86, 84, 82, 80, 78, 76, 74, 72, 70, 68, 66, 64, 62, 60, 58, 56, 54, 52, 50, 48, 46, 44, 42, 40]",FCFS,135,135,135,135
700,random,134,"[56, 111, 141, 50, 48, 179, 105, 72, 25, 179, 74, 199, 22, 99, 16, 76, 140, 49, 185, 155, 172, 8, 196, 5]",SSTF,2203,259,333,392
701,bursty,9,"[152, 165, 170, 164, 157, 13, 167, 164, 164, 155, 91, 165, 152, 164, 160, 163, 157, 166, 150, 166, 151, 162, 165, 165]",SSTF,730,161,179,394
702,sequential,137,"[191, 189, 187, 185, 183, 181, 179, 177, 175, 173, 171, 169, 167, 165, 163, 161, 159, 157, 155, 153, 151, 149, 147, 145]",SSTF,100,54,328,390
703,random,192,"[85, 123, 194, 53, 87, 159, 83, 106, 116, 174, 34, 181, 36, 66, 58, 53, 6, 15, 155, 144, 15, 78, 164, 27]",SSTF,1727,190,386,396
704,bursty,154,"[195, 178, 179, 189, 173, 181, 185, 189, 185, 84, 181, 27, 194, 190, 184, 180, 195, 189, 183, 91, 182, 187, 180, 194]",SSTF,874,209,349,379
705,sequential,13,"[5, 4, 3, 2, 1, 0, 0, 0, 0, 0, 0, 0, 0, 0, 0, 0, 0, 0, 0, 0, 0, 0, 0, 0]",FCFS,13,13,13,13
706,random,38,"[82, 132, 130, 63, 39, 157, 21, 151, 150, 65, 183, 108, 23, 80, 108, 43, 131, 126, 54, 157, 73, 96, 46, 113]",SCAN,1577,307,221,397
707,bursty,150,"[54, 39, 51, 62, 67, 59, 63, 58, 52, 62, 48, 62, 53, 54, 62, 47, 56, 51, 188, 46, 196, 53, 52, 101]",SSTF,869,203,346,360
708,sequential,68,"[78, 77, 76, 75, 74, 73, 72, 71, 70, 69, 68, 67, 66, 65, 64, 63, 62, 61, 60, 59, 58, 57, 56, 55]",FCFS,33,33,146,397
709,random,30,"[112, 116, 93, 177, 40, 33, 4, 199, 166, 92, 162, 97, 13, 179, 63, 50, 181, 19, 86, 74, 101, 21, 67, 143]",SCAN,1783,364,229,395
710,bursty,89,"[154, 164, 157, 152, 161, 159, 151, 153, 160, 156, 148, 159, 149, 65, 158, 159, 8, 161, 150, 149, 156, 155, 153, 162]",SSTF,661,237,253,339
711,sequential,20,"[192, 191, 190, 189, 188, 187, 186, 185, 184, 183, 182, 181, 180, 179, 178, 177, 176, 175, 174, 173, 172, 171, 170, 169]",SSTF,195,172,212,249
712,random,174,"[147, 158, 124, 162, 1, 183, 87, 107, 161, 174, 12, 126, 151, 21, 170, 14, 111, 189, 76, 136, 57, 27, 57, 139]",SSTF,1941,361,363,389
713,bursty,121,"[171, 168, 172, 176, 168, 163, 160, 178, 175, 28, 172, 161, 167, 167, 168, 178, 168, 164, 199, 164, 170, 165, 176, 175]",SSTF,524,249,320,359
714,sequential,143,"[138, 140, 142, 144, 146, 148, 150, 152, 154, 156, 158, 160, 162, 164, 166, 168, 170, 172, 174, 176, 178, 180, 182, 184]",FCFS,51,51,327,397
715,random,178,"[2, 127, 174, 189, 69, 168, 52, 89, 64, 82, 129, 127, 188, 134, 70, 141, 59, 174, 24, 82, 60, 43, 193, 177]",SSTF,1687,226,371,388
716,bursty,106,"[137, 139, 140, 133, 140, 164, 155, 145, 166, 142, 152, 147, 143, 142, 0, 166, 140, 140, 155, 138, 135, 135, 156, 145]",SSTF,557,226,272,371
717,sequential,186,"[81, 79, 77, 75, 73, 71, 69, 67, 65, 63, 61, 59, 57, 55, 53, 51, 49, 47, 45, 43, 41, 39, 37, 35]",FCFS,151,151,151,151
718,random,190,"[133, 74, 149, 52, 77, 70, 12, 139, 59, 73, 143, 135, 60, 120, 138, 118, 161, 119, 131, 139, 108, 47, 158, 150]",SSTF,1166,178,178,178
719,bursty,33,"[174, 185, 190, 188, 191, 110, 185, 96, 172, 181, 192, 187, 188, 179, 182, 189, 187, 175, 184, 12, 188, 91, 8, 187]",SSTF,1258,209,225,340
720,sequential,64,"[59, 56, 53, 50, 47, 44, 41, 38, 35, 32, 29, 26, 23, 20, 17, 14, 11, 8, 5, 2, 0, 0, 0, 0]",FCFS,64,64,64,64
721,random,40,"[147, 40, 119, 186, 92, 70, 173, 17, 115, 114, 11, 75, 147, 179, 117, 15, 21, 8, 67, 33, 31, 56, 52, 188]",SSTF,1548,212,228,386
722,bursty,37,"[148, 149, 162, 159, 162, 155, 160, 136, 163, 154, 149, 62, 33, 167, 153, 155, 157, 161, 151, 160, 162, 167, 165, 149]",SSTF,524,138,204,373
723,sequential,120,"[110, 109, 108, 107, 106, 105, 104, 103, 102, 101, 100, 99, 98, 97, 96, 95, 94, 93, 92, 91, 90, 89, 88, 87]",FCFS,33,33,33,33
724,random,74,"[190, 98, 126, 152, 20, 117, 19, 123, 91, 54, 37, 53, 23, 131, 111, 61, 8, 172, 16, 70, 125, 67, 22, 48]",SSTF,1614,248,264,381
725,bursty,97,"[129, 120, 136, 127, 138, 129, 125, 133, 132, 57, 118, 141, 130, 130, 126, 131, 128, 138, 123, 130, 128, 17, 140, 128]",SSTF,561,168,238,377
726,sequential,129,"[18, 16, 14, 12, 10, 8, 6, 4, 2, 0, 0, 0, 0, 0, 0, 0, 0, 0, 0, 0, 0, 0, 0, 0]",FCFS,129,129,129,129
727,random,76,"[14, 151, 8, 15, 100, 178, 102, 83, 199, 137, 165, 5, 180, 38, 190, 190, 35, 91, 120, 32, 41, 115, 88, 95]",SCAN,1887,317,275,391
728,bursty,181,"[33, 51, 35, 41, 43, 48, 19, 42, 39, 45, 32, 45, 34, 50, 47, 38, 43, 174, 47, 52, 56, 38, 44, 45]",SSTF,618,162,162,162
729,sequential,28,"[120, 123, 126, 129, 132, 135, 138, 141, 144, 147, 150, 153, 156, 159, 162, 165, 168, 171, 174, 177, 180, 183, 186, 189]",FCFS,161,161,217,306
730,random,22,"[11, 41, 25, 141, 121, 67, 0, 187, 182, 133, 116, 71, 149, 177, 63, 22, 79, 85, 8, 61, 46, 122, 144, 79]",SCAN,1249,215,209,395
731,bursty,25,"[13, 12, 9, 17, 9, 154, 3, 9, 6, 0, 9, 12, 9, 187, 12, 179, 26, 16, 17, 11, 19, 5, 12, 17]",SCAN,1082,214,212,397
732,sequential,119,"[5, 7, 9, 11, 13, 15, 17, 19, 21, 23, 25, 27, 29, 31, 33, 35, 37, 39, 41, 43, 45, 47, 49, 51]",SSTF,160,114,114,114
733,random,88,"[133, 97, 177, 75, 130, 119, 52, 33, 135, 54, 23, 174, 93, 130, 134, 69, 31, 87, 73, 42, 88, 181, 138, 112]",SSTF,1314,253,269,393
734,bursty,63,"[76, 93, 85, 78, 88, 90, 69, 128, 82, 84, 75, 81, 82, 73, 81, 78, 86, 78, 89, 77, 42, 74, 82, 70]",SSTF,347,151,191,392
735,sequential,107,"[128, 129, 130, 131, 132, 133, 134, 135, 136, 137, 138, 139, 140, 141, 142, 143, 144, 145, 146, 147, 148, 149, 150, 151]",FCFS,44,44,258,377
736,random,38,"[106, 42, 157, 80, 183, 192, 125, 182, 57, 100, 37, 17, 42, 130, 4, 67, 176, 75, 11, 38, 14, 7, 62, 19]",SCAN,1543,344,230,394
737,bursty,177,"[43, 28, 45, 26, 17, 20, 33, 25, 29, 27, 36, 29, 16, 30, 20, 32, 16, 31, 37, 28, 28, 21, 25, 24]",SSTF,347,161,161,161
738,sequential,171,"[59, 57, 55, 53, 51, 49, 47, 45, 43, 41, 39, 37, 35, 33, 31, 29, 27, 25, 23, 21, 19, 17, 15, 13]",FCFS,158,158,158,158
739,random,112,"[54, 13, 109, 7, 0, 98, 41, 166, 113, 8, 64, 162, 66, 12, 142, 46, 199, 110, 44, 165, 133, 81, 141, 197]",SCAN,1901,313,311,397
740,bursty,93,"[15, 29, 196, 21, 35, 17, 15, 28, 24, 54, 24, 22, 23, 31, 23, 15, 69, 23, 166, 18, 158, 26, 26, 19]",SSTF,1242,259,289,333
741,sequential,54,"[127, 129, 131, 133, 135, 137, 139, 141, 143, 145, 147, 149, 151, 153, 155, 157, 159, 161, 163, 165, 167, 169, 171, 173]",FCFS,119,119,227,325
742,random,151,"[110, 144, 101, 141, 74, 99, 71, 83, 96, 61, 187, 145, 109, 113, 72, 186, 153, 32, 81, 120, 177, 32, 24, 154]",SSTF,1283,296,338,396
743,bursty,44,"[182, 184, 189, 186, 187, 174, 182, 178, 184, 185, 193, 180, 141, 192, 192, 176, 183, 183, 189, 191, 179, 154, 189, 178]",SSTF,406,149,237,301
744,sequential,35,"[70, 68, 66, 64, 62, 60, 58, 56, 54, 52, 50, 48, 46, 44, 42, 40, 38, 36, 34, 32, 30, 28, 26, 24]",FCFS,81,81,105,397
745,random,32,"[60, 117, 1, 136, 35, 121, 175, 79, 134, 64, 60, 146, 38, 181, 136, 120, 76, 123, 142, 95, 169, 194, 37, 175]",SCAN,1751,355,226,395
746,bursty,127,"[62, 85, 78, 76, 71, 94, 77, 73, 82, 85, 76, 89, 76, 71, 70, 83, 168, 82, 73, 82, 82, 69, 81, 66]",SSTF,441,171,295,357
747,sequential,102,"[184, 183, 182, 181, 180, 179, 178, 177, 176, 175, 174, 173, 172, 171, 170, 169, 168, 167, 166, 165, 164, 163, 162, 161]",SSTF,105,82,286,339
748,random,45,"[45, 135, 188, 151, 76, 24, 50, 91, 91, 10, 194, 69, 116, 32, 164, 8, 198, 149, 62, 11, 165, 93, 17, 92]",SCAN,1937,343,243,393
749,bursty,28,"[18, 40, 26, 78, 22, 17, 26, 40, 39, 31, 31, 28, 38, 51, 27, 33, 32, 47, 33, 36, 32, 35, 31, 34]",SSTF,294,72,106,395
750,sequential,198,"[57, 60, 63, 66, 69, 72, 75, 78, 81, 84, 87, 90, 93, 96, 99, 102, 105, 108, 111, 114, 117, 120, 123, 126]",SSTF,210,141,141,141
751,random,27,"[47, 82, 20, 186, 61, 161, 97, 134, 153, 93, 166, 191, 8, 182, 9, 24, 117, 9, 178, 83, 79, 150, 112, 34]",SSTF,1987,202,218,391
752,bursty,173,"[168, 132, 140, 138, 155, 150, 142, 149, 133, 137, 140, 142, 143, 146, 143, 133, 144, 143, 137, 138, 132, 145, 132, 140]",SSTF,189,41,41,41
753,sequential,164,"[43, 41, 39, 37, 35, 33, 31, 29, 27, 25, 23, 21, 19, 17, 15, 13, 11, 9, 7, 5, 3, 1, 0, 0]",FCFS,164,164,164,164
754,random,3,"[4, 166, 101, 2, 171, 27, 21, 102, 55, 142, 199, 167, 48, 86, 197, 60, 112, 106, 163, 62, 120, 172, 89, 133]",SSTF,1808,200,202,397
755,bursty,55,"[70, 74, 76, 71, 80, 83, 72, 195, 74, 76, 80, 69, 81, 66, 80, 79, 71, 83, 82, 69, 70, 78, 187, 70]",SSTF,621,140,250,387
756,sequential,181,"[23, 20, 17, 14, 11, 8, 5, 2, 0, 0, 0, 0, 0, 0, 0, 0, 0, 0, 0, 0, 0, 0, 0, 0]",FCFS,181,181,181,181
757,random,96,"[79, 191, 75, 166, 114, 39, 32, 177, 73, 49, 157, 177, 99, 110, 114, 141, 57, 131, 132, 68, 183, 107, 40, 114]",SSTF,1546,254,287,395
758,bursty,155,"[50, 52, 42, 41, 46, 81, 196, 131, 50, 134, 52, 43, 45, 53, 55, 53, 47, 110, 40, 42, 54, 51, 34, 55]",SSTF,802,283,351,357
759,sequential,32,"[164, 165, 166, 167, 168, 169, 170, 171, 172, 173, 174, 175, 176, 177, 178, 179, 180, 181, 182, 183, 184, 185, 186, 187]",FCFS,155,155,219,266
760,random,144,"[128, 84, 82, 86, 63, 75, 90, 89, 12, 135, 9, 103, 89, 55, 68, 50, 94, 153, 102, 181, 124, 183, 115, 175]",SSTF,1093,309,327,389
761,bursty,132,"[20, 22, 29, 34, 39, 18, 29, 27, 163, 197, 23, 24, 23, 24, 24, 29, 18, 30, 21, 137, 28, 32, 22, 12]",SSTF,798,250,329,393
762,sequential,18,"[15, 12, 9, 6, 3, 0, 0, 0, 0, 0, 0, 0, 0, 0, 0, 0, 0, 0, 0, 0, 0, 0, 0, 0]",FCFS,18,18,18,18
763,random,191,"[128, 137, 153, 138, 27, 185, 89, 154, 190, 130, 192, 117, 106, 151, 113, 165, 19, 77, 166, 36, 166, 93, 15, 119]",SSTF,1720,180,383,397
764,bursty,52,"[19, 18, 14, 8, 11, 15, 22, 16, 9, 11, 5, 190, 9, 18, 9, 13, 14, 164, 5, 5, 18, 11, 11, 18]",SSTF,804,232,242,286
765,sequential,72,"[75, 76, 77, 78, 79, 80, 81, 82, 83, 84, 85, 86, 87, 88, 89, 90, 91, 92, 93, 94, 95, 96, 97, 98]",FCFS,26,26,170,395
766,random,183,"[58, 176, 15, 48, 161, 115, 198, 40, 1, 32, 116, 19, 185, 188, 172, 129, 51, 9, 131, 97, 144, 190, 28, 33]",SSTF,1852,212,381,396
767,bursty,3,"[145, 160, 160, 152, 162, 168, 152, 37, 167, 114, 159, 163, 157, 126, 164, 160, 166, 146, 162, 159, 145, 167, 158, 164]",SSTF,719,165,171,364
768,sequential,192,"[123, 126, 129, 132, 135, 138, 141, 144, 147, 150, 153, 156, 159, 162, 165, 168, 171, 174, 177, 180, 183, 186, 189, 192]",SSTF,138,69,69,69
769,random,10,"[54, 11, 180, 143, 18, 104, 55, 172, 47, 188, 148, 124, 192, 199, 23, 110, 139, 165, 153, 191, 52, 112, 89, 24]",SSTF,1730,189,209,397
770,bursty,61,"[67, 33, 36, 48, 31, 21, 121, 41, 36, 44, 51, 31, 30, 45, 27, 77, 26, 35, 23, 27, 151, 47, 98, 34]",SCAN,805,220,212,392
771,sequential,39,"[39, 42, 45, 48, 51, 54, 57, 60, 63, 66, 69, 72, 75, 78, 81, 84, 87, 90, 93, 96, 99, 102, 105, 108]",FCFS,69,69,147,395
772,random,8,"[182, 69, 73, 171, 169, 106, 117, 68, 81, 168, 152, 154, 69, 115, 197, 192, 104, 70, 155, 15, 88, 115, 59, 0]",SCAN,1412,219,205,391
773,bursty,134,"[73, 157, 21, 178, 83, 75, 78, 84, 150, 86, 77, 89, 83, 73, 142, 95, 79, 72, 81, 68, 75, 80, 82, 80]",SSTF,894,201,312,390
774,sequential,46,"[43, 44, 45, 46, 47, 48, 49, 50, 51, 52, 53, 54, 55, 56, 57, 58, 59, 60, 61, 62, 63, 64, 65, 66]",FCFS,26,26,112,397
775,random,134,"[8, 126, 126, 142, 88, 70, 179, 111, 78, 128, 191, 168, 78, 111, 139, 137, 44, 46, 113, 199, 8, 142, 181, 52]",SSTF,1572,333,333,395
776,bursty,135,"[36, 42, 46, 44, 43, 46, 47, 55, 42, 50, 43, 48, 50, 47, 49, 51, 64, 50, 49, 195, 51, 37, 48, 49]",SSTF,510,219,330,338
777,sequential,152,"[0, 1, 2, 3, 4, 5, 6, 7, 8, 9, 10, 11, 12, 13, 14, 15, 16, 17, 18, 19, 20, 21, 22, 23]",SSTF,175,152,152,152
778,random,188,"[41, 185, 137, 169, 16, 167, 73, 20, 127, 90, 132, 21, 84, 17, 157, 158, 102, 5, 141, 100, 185, 45, 163, 101]",SSTF,2125,183,183,183
779,bursty,124,"[95, 99, 100, 105, 100, 85, 93, 105, 91, 94, 91, 100, 88, 89, 106, 111, 90, 92, 15, 87, 86, 143, 92, 107]",SSTF,439,225,267,379
780,sequential,0,"[77, 74, 71, 68, 65, 62, 59, 56, 53, 50, 47, 44, 41, 38, 35, 32, 29, 26, 23, 20, 17, 14, 11, 8]",SSTF,146,77,77,390
781,random,174,"[113, 152, 156, 10, 59, 101, 142, 12, 113, 32, 49, 153, 37, 118, 136, 1, 183, 123, 63, 95, 168, 155, 181, 138]",SSTF,1654,355,357,391
782,bursty,198,"[130, 113, 107, 124, 111, 114, 120, 114, 115, 112, 124, 121, 123, 116, 81, 115, 119, 115, 123, 114, 122, 122, 125, 111]",SSTF,283,117,117,117
783,sequential,163,"[157, 159, 161, 163, 165, 167, 169, 171, 173, 175, 177, 179, 181, 183, 185, 187, 189, 191, 193, 195, 197, 199, 199, 199]",FCFS,48,48,362,396
784,random,36,"[6, 157, 184, 106, 130, 171, 195, 114, 112, 64, 71, 115, 177, 1, 126, 73, 23, 149, 174, 115, 113, 179, 63, 153]",SSTF,1507,229,231,371
785,bursty,43,"[24, 29, 35, 28, 29, 35, 23, 24, 28, 30, 33, 22, 24, 25, 148, 29, 26, 20, 34, 26, 33, 21, 26, 35]",SSTF,386,151,191,293
786,sequential,14,"[5, 6, 7, 8, 9, 10, 11, 12, 13, 14, 15, 16, 17, 18, 19, 20, 21, 22, 23, 24, 25, 26, 27, 28]",FCFS,32,32,42,397
787,random,67,"[2, 83, 142, 167, 130, 80, 6, 137, 2, 178, 197, 112, 104, 179, 68, 144, 9, 173, 155, 117, 181, 83, 37, 60]",SCAN,1793,341,264,397
788,bursty,178,"[146, 148, 103, 151, 136, 101, 144, 58, 142, 160, 135, 146, 145, 146, 141, 143, 152, 139, 151, 149, 151, 146, 149, 145]",SSTF,503,120,120,120
789,sequential,12,"[22, 25, 28, 31, 34, 37, 40, 43, 46, 49, 52, 55, 58, 61, 64, 67, 70, 73, 76, 79, 82, 85, 88, 91]",FCFS,79,79,103,388
790,random,50,"[65, 101, 179, 42, 124, 76, 19, 119, 56, 120, 90, 176, 142, 116, 94, 43, 102, 121, 56, 177, 24, 131, 13, 170]",SCAN,1728,295,229,392
791,bursty,42,"[111, 180, 113, 121, 109, 73, 122, 113, 119, 113, 118, 114, 117, 120, 104, 105, 113, 122, 181, 111, 119, 120, 112, 114]",SSTF,528,139,223,367
792,sequential,80,"[108, 106, 104, 102, 100, 98, 96, 94, 92, 90, 88, 86, 84, 82, 80, 78, 76, 74, 72, 70, 68, 66, 64, 62]",FCFS,74,74,188,396
793,random,17,"[157, 16, 39, 152, 7, 105, 13, 85, 79, 82, 37, 66, 143, 59, 101, 69, 11, 125, 188, 122, 190, 195, 1, 81]",SSTF,1790,210,212,378
794,bursty,101,"[159, 176, 169, 182, 136, 36, 173, 161, 175, 172, 180, 172, 169, 163, 175, 183, 97, 181, 168, 149, 170, 180, 168, 176]",SSTF,705,237,284,363
795,sequential,189,"[86, 85, 84, 83, 82, 81, 80, 79, 78, 77, 76, 75, 74, 73, 72, 71, 70, 69, 68, 67, 66, 65, 64, 63]",FCFS,126,126,126,126
796,random,119,"[89, 168, 77, 20, 1, 142, 32, 115, 68, 84, 78, 97, 69, 135, 36, 102, 42, 48, 130, 25, 56, 46, 198, 26]",SSTF,1575,315,317,387
797,bursty,190,"[115, 110, 112, 118, 116, 125, 182, 125, 118, 112, 124, 111, 118, 111, 120, 116, 123, 118, 114, 120, 123, 114, 124, 122]",SSTF,324,80,80,80
798,sequential,126,"[102, 99, 96, 93, 90, 87, 84, 81, 78, 75, 72, 69, 66, 63, 60, 57, 54, 51, 48, 45, 42, 39, 36, 33]",FCFS,93,93,93,93
799,random,14,"[21, 138, 153, 3, 183, 1, 128, 126, 104, 135, 79, 199, 113, 67, 83, 77, 109, 22, 100, 100, 62, 142, 88, 96]",SCAN,1540,227,213,391
800,bursty,13,"[180, 171, 126, 176, 189, 15, 172, 179, 187, 181, 171, 176, 175, 90, 182, 176, 179, 182, 186, 171, 178, 176, 176, 110]",SSTF,935,176,202,396
801,sequential,153,"[40, 41, 42, 43, 44, 45, 46, 47, 48, 49, 50, 51, 52, 53, 54, 55, 56, 57, 58, 59, 60, 61, 62, 63]",SSTF,136,113,113,113
802,random,86,"[51, 91, 124, 151, 118, 177, 109, 52, 8, 17, 0, 132, 169, 138, 113, 103, 160, 51, 195, 186, 77, 75, 120, 38]",SCAN,1214,304,281,393
803,bursty,186,"[102, 18, 163, 26, 101, 102, 105, 125, 145, 101, 107, 111, 108, 138, 111, 108, 115, 121, 100, 82, 118, 111, 111, 117]",SSTF,787,168,168,168
804,sequential,124,"[139, 138, 137, 136, 135, 134, 133, 132, 131, 130, 129, 128, 127, 126, 125, 124, 123, 122, 121, 120, 119, 118, 117, 116]",FCFS,38,38,263,397
805,random,27,"[138, 124, 72, 32, 123, 70, 7, 3, 191, 11, 183, 113, 130, 161, 53, 171, 57, 96, 109, 45, 153, 49, 8, 37]",SCAN,1824,352,218,393
806,bursty,198,"[169, 174, 184, 176, 167, 174, 173, 194, 181, 0, 172, 173, 172, 136, 165, 163, 179, 179, 149, 181, 176, 171, 172, 181]",SSTF,623,198,198,198
807,sequential,54,"[45, 44, 43, 42, 41, 40, 39, 38, 37, 36, 35, 34, 33, 32, 31, 30, 29, 28, 27, 26, 25, 24, 23, 22]",FCFS,32,32,32,32
808,random,141,"[107, 115, 194, 72, 79, 6, 7, 152, 131, 176, 166, 183, 181, 34, 38, 6, 86, 98, 179, 32, 88, 26, 122, 195]",SSTF,1354,324,336,387
809,bursty,35,"[26, 18, 29, 14, 21, 26, 19, 32, 13, 25, 18, 22, 21, 31, 23, 28, 28, 22, 21, 17, 21, 19, 13, 23]",SSTF,174,22,22,22
810,sequential,4,"[67, 66, 65, 64, 63, 62, 61, 60, 59, 58, 57, 56, 55, 54, 53, 52, 51, 50, 49, 48, 47, 46, 45, 44]",SSTF,86,63,71,358
811,random,8,"[28, 93, 161, 23, 165, 58, 193, 170, 85, 187, 80, 188, 76, 18, 177, 110, 91, 175, 173, 198, 166, 171, 19, 91]",SSTF,1887,190,206,388
812,bursty,52,"[74, 77, 86, 89, 93, 88, 82, 85, 85, 21, 86, 74, 86, 81, 82, 84, 67, 82, 100, 80, 80, 83, 91, 78]",SSTF,310,127,152,383
813,sequential,16,"[90, 92, 94, 96, 98, 100, 102, 104, 106, 108, 110, 112, 114, 116, 118, 120, 122, 124, 126, 128, 130, 132, 134, 136]",FCFS,120,120,152,324
814,random,44,"[58, 63, 48, 194, 147, 10, 103, 40, 21, 72, 150, 59, 14, 52, 180, 20, 182, 57, 106, 66, 129, 84, 182, 164]",SCAN,1730,334,238,394
815,bursty,47,"[192, 181, 187, 172, 186, 178, 182, 192, 180, 176, 174, 183, 184, 181, 191, 113, 176, 114, 182, 191, 187, 197, 180, 174]",SSTF,571,150,244,332
816,sequential,158,"[73, 74, 75, 76, 77, 78, 79, 80, 81, 82, 83, 84, 85, 86, 87, 88, 89, 90, 91, 92, 93, 94, 95, 96]",SSTF,108,85,85,85
817,random,111,"[29, 86, 112, 175, 180, 91, 147, 154, 73, 108, 117, 170, 61, 153, 128, 170, 154, 126, 28, 5, 123, 186, 82, 3]",SSTF,1360,266,297,397
818,bursty,69,"[24, 5, 38, 184, 18, 13, 7, 17, 8, 10, 9, 5, 18, 17, 26, 15, 15, 13, 15, 21, 14, 14, 22, 19]",SSTF,508,243,253,283
819,sequential,190,"[94, 91, 88, 85, 82, 79, 76, 73, 70, 67, 64, 61, 58, 55, 52, 49, 46, 43, 40, 37, 34, 31, 28, 25]",FCFS,165,165,165,165
820,random,177,"[107, 159, 198, 146, 164, 20, 139, 115, 148, 104, 185, 39, 141, 68, 23, 60, 181, 18, 22, 117, 157, 160, 131, 52]",SSTF,1613,201,375,394
821,bursty,21,"[121, 43, 131, 174, 129, 97, 127, 129, 129, 132, 133, 123, 138, 117, 134, 136, 94, 125, 122, 127, 132, 136, 137, 70]",SSTF,645,153,195,376
822,sequential,197,"[182, 183, 184, 185, 186, 187, 188, 189, 190, 191, 192, 193, 194, 195, 196, 197, 198, 199, 199, 199, 199, 199, 199, 199]",FCFS,32,32,396,397
823,random,162,"[138, 93, 124, 191, 39, 127, 45, 187, 197, 20, 133, 112, 116, 140, 163, 73, 3, 56, 76, 187, 79, 129, 190, 76]",SSTF,1680,355,359,397
824,bursty,56,"[48, 53, 61, 70, 62, 46, 64, 51, 52, 53, 53, 57, 48, 45, 166, 51, 132, 55, 7, 60, 56, 60, 52, 68]",SCAN,630,293,222,397
825,sequential,145,"[67, 69, 71, 73, 75, 77, 79, 81, 83, 85, 87, 89, 91, 93, 95, 97, 99, 101, 103, 105, 107, 109, 111, 113]",SSTF,124,78,78,78
826,random,113,"[48, 15, 92, 171, 113, 115, 98, 109, 147, 183, 30, 114, 12, 13, 79, 51, 132, 178, 65, 23, 101, 147, 80, 95]",SSTF,1338,276,296,397
827,bursty,52,"[170, 163, 166, 160, 165, 165, 170, 170, 168, 167, 31, 174, 160, 165, 165, 165, 170, 159, 52, 167, 47, 162, 172, 169]",SSTF,931,164,226,291
828,sequential,54,"[107, 105, 103, 101, 99, 97, 95, 93, 91, 89, 87, 85, 83, 81, 79, 77, 75, 73, 71, 69, 67, 65, 63, 61]",SSTF,99,53,161,391
829,random,170,"[5, 176, 166, 49, 126, 23, 185, 150, 86, 195, 1, 69, 35, 69, 52, 181, 169, 187, 152, 45, 33, 29, 24, 32]",SSTF,1690,227,365,392
830,bursty,68,"[87, 75, 127, 78, 63, 70, 78, 68, 78, 71, 86, 74, 84, 43, 67, 75, 82, 73, 70, 99, 78, 74, 70, 69]",SSTF,377,145,195,397
831,sequential,54,"[149, 152, 155, 158, 161, 164, 167, 170, 173, 176, 179, 182, 185, 188, 191, 194, 197, 199, 199, 199, 199, 199, 199, 199]",FCFS,145,145,253,303
832,random,30,"[105, 36, 197, 150, 51, 182, 102, 167, 38, 132, 71, 53, 115, 166, 49, 153, 92, 70, 169, 34, 48, 179, 48, 61]",SSTF,1969,167,227,394
833,bursty,87,"[41, 139, 146, 151, 155, 71, 150, 159, 151, 150, 146, 154, 158, 155, 177, 151, 83, 52, 144, 132, 151, 147, 151, 149]",SSTF,640,182,264,353
834,sequential,185,"[128, 129, 130, 131, 132, 133, 134, 135, 136, 137, 138, 139, 140, 141, 142, 143, 144, 145, 146, 147, 148, 149, 150, 151]",SSTF,80,57,57,57
835,random,132,"[131, 112, 39, 129, 130, 70, 57, 34, 138, 156, 55, 14, 150, 30, 56, 42, 146, 44, 48, 74, 94, 103, 184, 69]",SSTF,1301,228,316,392
836,bursty,68,"[3, 16, 20, 9, 3, 19, 16, 27, 9, 8, 3, 6, 11, 2, 2, 5, 7, 13, 13, 4, 0, 9, 1, 8]",SSTF,218,68,68,68
837,sequential,174,"[46, 43, 40, 37, 34, 31, 28, 25, 22, 19, 16, 13, 10, 7, 4, 1, 0, 0, 0, 0, 0, 0, 0, 0]",FCFS,174,174,174,174
838,random,72,"[171, 175, 187, 184, 117, 68, 151, 151, 135, 131, 196, 153, 7, 169, 35, 150, 170, 81, 96, 38, 163, 132, 195, 69]",SCAN,1529,321,268,389
839,bursty,91,"[53, 49, 52, 58, 46, 48, 42, 55, 49, 119, 51, 50, 55, 56, 46, 58, 55, 107, 46, 40, 53, 53, 180, 61]",SSTF,638,247,271,382
840,sequential,15,"[87, 86, 85, 84, 83, 82, 81, 80, 79, 78, 77, 76, 75, 74, 73, 72, 71, 70, 69, 68, 67, 66, 65, 64]",SSTF,95,72,102,349
841,random,164,"[111, 173, 82, 41, 29, 86, 98, 139, 18, 111, 138, 191, 62, 185, 52, 132, 15, 81, 197, 181, 53, 179, 49, 42]",SSTF,1834,215,361,389
842,bursty,19,"[187, 186, 174, 186, 150, 176, 183, 184, 181, 190, 173, 188, 181, 185, 180, 185, 180, 182, 187, 183, 189, 191, 154, 193]",SSTF,428,174,212,267
843,sequential,89,"[62, 65, 68, 71, 74, 77, 80, 83, 86, 89, 92, 95, 98, 101, 104, 107, 110, 113, 116, 119, 122, 125, 128, 131]",FCFS,96,96,220,395
844,random,86,"[120, 115, 121, 43, 41, 110, 155, 3, 2, 2, 15, 126, 8, 97, 40, 173, 42, 76, 160, 151, 64, 90, 158, 37]",SSTF,1473,258,259,394
845,bursty,30,"[84, 189, 198, 182, 181, 36, 178, 178, 187, 99, 174, 184, 184, 178, 199, 114, 188, 91, 179, 183, 177, 187, 177, 171]",SSTF,1061,169,229,392
846,sequential,186,"[189, 186, 183, 180, 177, 174, 171, 168, 165, 162, 159, 156, 153, 150, 147, 144, 141, 138, 135, 132, 129, 126, 123, 120]",FCFS,72,72,375,395
847,random,172,"[113, 73, 146, 24, 129, 13, 50, 44, 64, 25, 193, 46, 108, 97, 170, 157, 81, 106, 192, 29, 11, 175, 11, 120]",SSTF,1896,207,365,395
848,bursty,29,"[119, 119, 118, 128, 125, 121, 121, 119, 121, 120, 129, 45, 129, 122, 106, 119, 124, 123, 121, 89, 124, 115, 123, 124]",SSTF,419,100,158,382
849,sequential,148,"[178, 176, 174, 172, 170, 168, 166, 164, 162, 160, 158, 156, 154, 152, 150, 148, 146, 144, 142, 140, 138, 136, 134, 132]",FCFS,76,76,326,396
850,random,55,"[159, 105, 95, 154, 171, 184, 100, 39, 104, 199, 62, 45, 124, 166, 125, 26, 61, 91, 159, 12, 152, 3, 152, 50]",SSTF,1797,248,254,392
851,bursty,131,"[67, 65, 63, 174, 52, 70, 64, 55, 65, 62, 112, 52, 66, 58, 61, 73, 57, 57, 72, 67, 56, 56, 62, 97]",SSTF,582,201,305,355
852,sequential,113,"[19, 16, 13, 10, 7, 4, 1, 0, 0, 0, 0, 0, 0, 0, 0, 0, 0, 0, 0, 0, 0, 0, 0, 0]",FCFS,113,113,113,113
853,random,6,"[123, 175, 5, 47, 76, 74, 169, 137, 86, 44, 24, 54, 36, 26, 180, 20, 29, 58, 148, 157, 102, 168, 93, 103]",SSTF,1367,176,186,384
854,bursty,164,"[115, 112, 107, 121, 113, 112, 59, 187, 117, 111, 115, 108, 114, 103, 108, 172, 105, 111, 103, 124, 118, 116, 110, 108]",SSTF,552,151,351,390
855,sequential,171,"[177, 180, 183, 186, 189, 192, 195, 198, 199, 199, 199, 199, 199, 199, 199, 199, 199, 199, 199, 199, 199, 199, 199, 199]",FCFS,28,28,370,392
856,random,146,"[174, 116, 112, 194, 84, 198, 21, 7, 143, 51, 39, 18, 115, 9, 126, 13, 112, 83, 150, 54, 161, 139, 38, 139]",SSTF,1903,257,344,394
857,bursty,68,"[106, 103, 25, 113, 111, 107, 109, 100, 116, 106, 104, 99, 114, 108, 101, 124, 96, 115, 119, 107, 118, 105, 109, 108]",SSTF,400,155,192,370
858,sequential,40,"[194, 197, 199, 199, 199, 199, 199, 199, 199, 199, 199, 199, 199, 199, 199, 199, 199, 199, 199, 199, 199, 199, 199, 199]",FCFS,159,159,239,244
859,random,94,"[38, 126, 72, 38, 108, 80, 198, 87, 30, 36, 11, 41, 167, 183, 76, 56, 9, 44, 131, 103, 59, 93, 172, 91]",SSTF,1381,274,292,389
860,bursty,28,"[131, 136, 151, 137, 138, 130, 125, 148, 130, 133, 88, 131, 123, 127, 134, 127, 142, 171, 16, 140, 124, 135, 129, 132]",SSTF,668,167,199,338
861,sequential,142,"[6, 3, 0, 0, 0, 0, 0, 0, 0, 0, 0, 0, 0, 0, 0, 0, 0, 0, 0, 0, 0, 0, 0, 0]",FCFS,142,142,142,142
862,random,199,"[111, 159, 178, 46, 150, 144, 52, 163, 111, 33, 180, 136, 177, 138, 64, 40, 102, 96, 118, 82, 1, 9, 94, 152]",SSTF,1457,198,198,198
863,bursty,143,"[100, 116, 91, 114, 105, 109, 108, 107, 116, 14, 106, 111, 21, 105, 199, 111, 106, 118, 99, 30, 118, 118, 114, 105]",SSTF,892,314,342,342
864,sequential,133,"[106, 107, 108, 109, 110, 111, 112, 113, 114, 115, 116, 117, 118, 119, 120, 121, 122, 123, 124, 125, 126, 127, 128, 129]",SSTF,50,27,27,27
865,random,196,"[128, 25, 12, 112, 134, 33, 78, 0, 164, 87, 49, 14, 173, 110, 61, 6, 191, 114, 80, 9, 105, 114, 141, 63]",SSTF,1747,196,196,196
866,bursty,121,"[36, 40, 32, 98, 21, 34, 28, 37, 123, 32, 122, 24, 38, 30, 37, 20, 21, 21, 21, 28, 24, 37, 27, 28]",SSTF,715,105,244,397
867,sequential,43,"[143, 145, 147, 149, 151, 153, 155, 157, 159, 161, 163, 165, 167, 169, 171, 173, 175, 177, 179, 181, 183, 185, 187, 189]",FCFS,146,146,232,298
868,random,18,"[128, 134, 169, 136, 32, 156, 164, 140, 15, 35, 136, 143, 190, 169, 107, 183, 162, 143, 181, 66, 150, 56, 167, 161]",SSTF,1391,178,208,384
869,bursty,41,"[36, 42, 33, 48, 10, 25, 98, 42, 150, 51, 42, 36, 23, 47, 40, 179, 42, 46, 30, 41, 46, 39, 40, 42]",SSTF,805,202,220,397
870,sequential,112,"[157, 156, 155, 154, 153, 152, 151, 150, 149, 148, 147, 146, 145, 144, 143, 142, 141, 140, 139, 138, 137, 136, 135, 134]",SSTF,68,45,269,376
871,random,94,"[124, 117, 67, 110, 80, 85, 110, 106, 5, 124, 121, 143, 110, 15, 131, 132, 95, 53, 89, 197, 178, 185, 12, 0]",SCAN,1118,293,291,397
872,bursty,124,"[84, 91, 94, 84, 85, 91, 82, 89, 81, 87, 89, 85, 66, 83, 92, 88, 89, 86, 83, 98, 86, 89, 85, 82]",SSTF,196,58,58,58
873,sequential,164,"[138, 137, 136, 135, 134, 133, 132, 131, 130, 129, 128, 127, 126, 125, 124, 123, 122, 121, 120, 119, 118, 117, 116, 115]",FCFS,49,49,49,49
874,random,102,"[94, 67, 144, 107, 156, 107, 14, 23, 19, 67, 124, 87, 17, 110, 26, 162, 15, 194, 11, 33, 194, 196, 42, 119]",SSTF,1803,279,298,393
875,bursty,180,"[102, 100, 108, 106, 149, 83, 110, 147, 90, 104, 95, 64, 100, 103, 104, 105, 105, 91, 143, 107, 93, 109, 85, 1]",SSTF,655,179,179,179
876,sequential,95,"[118, 120, 122, 124, 126, 128, 130, 132, 134, 136, 138, 140, 142, 144, 146, 148, 150, 152, 154, 156, 158, 160, 162, 164]",FCFS,69,69,259,375
877,random,179,"[86, 164, 82, 87, 75, 182, 128, 32, 122, 28, 189, 53, 72, 27, 106, 74, 133, 136, 22, 160, 20, 52, 33, 30]",SSTF,1691,179,368,395
878,bursty,125,"[58, 42, 43, 40, 40, 29, 31, 45, 39, 36, 187, 34, 32, 45, 39, 40, 36, 32, 37, 36, 46, 44, 33, 37]",SSTF,490,220,312,336
879,sequential,65,"[82, 85, 88, 91, 94, 97, 100, 103, 106, 109, 112, 115, 118, 121, 124, 127, 130, 133, 136, 139, 142, 145, 148, 151]",FCFS,86,86,216,381
880,random,176,"[199, 175, 105, 174, 142, 39, 140, 88, 32, 31, 169, 72, 33, 56, 177, 30, 57, 100, 57, 152, 167, 20, 38, 52]",SSTF,1498,341,375,397
881,bursty,119,"[75, 94, 97, 81, 131, 44, 93, 91, 88, 95, 87, 95, 83, 94, 94, 15, 89, 92, 88, 99, 99, 98, 95, 91]",SSTF,498,128,250,386
882,sequential,131,"[63, 65, 67, 69, 71, 73, 75, 77, 79, 81, 83, 85, 87, 89, 91, 93, 95, 97, 99, 101, 103, 105, 107, 109]",SSTF,114,68,68,68
883,random,89,"[178, 153, 159, 54, 158, 36, 194, 65, 138, 84, 148, 27, 136, 167, 85, 8, 29, 115, 39, 185, 88, 5, 103, 92]",SCAN,1967,304,283,395
884,bursty,143,"[160, 172, 169, 74, 167, 173, 173, 173, 52, 167, 166, 173, 163, 178, 174, 154, 178, 34, 178, 177, 176, 120, 163, 168]",SSTF,937,179,321,387
885,sequential,56,"[18, 21, 24, 27, 30, 33, 36, 39, 42, 45, 48, 51, 54, 57, 60, 63, 66, 69, 72, 75, 78, 81, 84, 87]",FCFS,107,109,143,397
886,random,95,"[12, 140, 20, 89, 178, 69, 197, 109, 123, 178, 23, 121, 5, 185, 84, 44, 98, 36, 76, 71, 138, 13, 49, 16]",SSTF,1995,288,292,395
887,bursty,52,"[86, 86, 79, 84, 90, 86, 73, 90, 85, 87, 81, 78, 91, 74, 78, 45, 89, 91, 82, 90, 84, 78, 81, 77]",SSTF,251,53,143,377
888,sequential,177,"[53, 50, 47, 44, 41, 38, 35, 32, 29, 26, 23, 20, 17, 14, 11, 8, 5, 2, 0, 0, 0, 0, 0, 0]",FCFS,177,177,177,177
889,random,45,"[139, 143, 173, 29, 193, 136, 47, 115, 196, 66, 126, 17, 123, 188, 21, 60, 150, 153, 52, 159, 140, 107, 198, 101]",SCAN,1948,334,243,396
890,bursty,180,"[162, 157, 158, 154, 166, 167, 142, 10, 2, 155, 152, 166, 156, 8, 96, 161, 148, 156, 155, 157, 171, 156, 154, 155]",SSTF,743,178,178,178
891,sequential,196,"[142, 145, 148, 151, 154, 157, 160, 163, 166, 169, 172, 175, 178, 181, 184, 187, 190, 193, 196, 199, 199, 199, 199, 199]",FCFS,111,111,395,395
892,random,178,"[188, 71, 63, 28, 61, 5, 128, 80, 45, 87, 197, 138, 134, 178, 171, 71, 24, 177, 168, 100, 192, 167, 22, 8]",SSTF,1384,233,375,388
893,bursty,156,"[67, 101, 118, 94, 193, 102, 101, 101, 107, 106, 101, 102, 91, 95, 105, 91, 100, 97, 99, 104, 105, 98, 90, 97]",SSTF,449,163,349,361
894,sequential,100,"[169, 172, 175, 178, 181, 184, 187, 190, 193, 196, 199, 199, 199, 199, 199, 199, 199, 199, 199, 199, 199, 199, 199, 199]",FCFS,99,99,299,329
895,random,106,"[198, 22, 75, 157, 166, 35, 58, 183, 43, 113, 150, 80, 179, 132, 15, 192, 193, 193, 188, 93, 17, 56, 176, 111]",SSTF,1849,275,304,393
896,bursty,23,"[33, 35, 74, 14, 42, 17, 36, 37, 24, 32, 31, 29, 33, 31, 25, 27, 23, 21, 75, 29, 137, 28, 31, 19]",SCAN,560,170,160,397
897,sequential,38,"[93, 94, 95, 96, 97, 98, 99, 100, 101, 102, 103, 104, 105, 106, 107, 108, 109, 110, 111, 112, 113, 114, 115, 116]",FCFS,78,78,154,343
898,random,28,"[54, 81, 70, 33, 19, 58, 98, 28, 185, 189, 180, 2, 138, 195, 159, 169, 30, 77, 18, 102, 33, 42, 192, 27]",SCAN,1573,362,223,396
899,bursty,48,"[41, 49, 39, 47, 55, 41, 59, 50, 84, 57, 40, 49, 62, 56, 49, 55, 50, 38, 48, 30, 34, 43, 52, 44]",SSTF,276,100,132,397
900,sequential,54,"[29, 27, 25, 23, 21, 19, 17, 15, 13, 11, 9, 7, 5, 3, 1, 0, 0, 0, 0, 0, 0, 0, 0, 0]",FCFS,54,54,54,54
901,random,84,"[154, 105, 138, 1, 126, 51, 108, 99, 157, 17, 60, 151, 16, 24, 16, 121, 141, 119, 148, 106, 68, 183, 181, 199]",SCAN,1429,313,283,383
902,bursty,161,"[110, 199, 119, 109, 116, 114, 125, 119, 115, 122, 105, 115, 121, 115, 164, 192, 107, 122, 117, 116, 123, 118, 124, 118]",SSTF,513,132,360,395
903,sequential,161,"[115, 114, 113, 112, 111, 110, 109, 108, 107, 106, 105, 104, 103, 102, 101, 100, 99, 98, 97, 96, 95, 94, 93, 92]",FCFS,69,69,69,69
904,random,167,"[196, 143, 56, 2, 197, 157, 76, 147, 67, 116, 100, 87, 159, 74, 116, 152, 110, 85, 184, 75, 141, 13, 127, 68]",SSTF,1645,360,364,381
905,bursty,22,"[167, 179, 180, 177, 183, 175, 194, 165, 183, 127, 184, 175, 187, 186, 182, 179, 185, 188, 181, 177, 183, 180, 173, 180]",SSTF,426,172,216,293
906,sequential,144,"[104, 102, 100, 98, 96, 94, 92, 90, 88, 86, 84, 82, 80, 78, 76, 74, 72, 70, 68, 66, 64, 62, 60, 58]",FCFS,86,86,86,86
907,random,100,"[129, 150, 179, 21, 112, 149, 45, 55, 163, 166, 168, 142, 134, 5, 73, 37, 93, 15, 64, 127, 72, 66, 8, 139]",SSTF,1355,267,279,386
908,bursty,81,"[105, 117, 113, 102, 155, 103, 113, 111, 62, 109, 120, 97, 114, 111, 111, 111, 154, 98, 111, 110, 108, 109, 144, 110]",SSTF,503,167,236,382
909,sequential,23,"[54, 51, 48, 45, 42, 39, 36, 33, 30, 27, 24, 21, 18, 15, 12, 9, 6, 3, 0, 0, 0, 0, 0, 0]",SCAN,85,85,77,397
910,random,25,"[191, 8, 125, 50, 183, 122, 138, 161, 182, 73, 93, 7, 106, 188, 56, 120, 18, 172, 8, 190, 18, 54, 38, 87]",SSTF,2262,202,216,385
911,bursty,110,"[104, 115, 108, 106, 94, 106, 106, 155, 103, 33, 105, 105, 100, 98, 104, 95, 95, 24, 101, 108, 42, 97, 101, 111]",SSTF,605,210,265,397
912,sequential,101,"[146, 143, 140, 137, 134, 131, 128, 125, 122, 119, 116, 113, 110, 107, 104, 101, 98, 95, 92, 89, 86, 83, 80, 77]",FCFS,114,114,247,395
913,random,87,"[56, 89, 185, 92, 111, 139, 74, 93, 50, 17, 152, 185, 56, 49, 191, 73, 82, 139, 83, 97, 42, 131, 34, 92]",SSTF,1459,278,278,396
914,bursty,40,"[125, 112, 116, 123, 132, 120, 116, 116, 95, 123, 124, 119, 117, 28, 113, 121, 152, 130, 181, 122, 130, 111, 124, 116]",SSTF,584,165,221,343
915,sequential,193,"[109, 108, 107, 106, 105, 104, 103, 102, 101, 100, 99, 98, 97, 96, 95, 94, 93, 92, 91, 90, 89, 88, 87, 86]",FCFS,107,107,107,107
916,random,49,"[80, 146, 29, 148, 146, 80, 47, 11, 4, 168, 157, 28, 93, 187, 25, 65, 144, 165, 99, 177, 115, 93, 148, 51]",SCAN,1622,325,236,396
917,bursty,66,"[122, 117, 119, 118, 116, 123, 95, 120, 77, 126, 122, 117, 129, 124, 129, 126, 120, 118, 127, 118, 123, 120, 129, 51]",SSTF,373,141,195,387
918,sequential,107,"[84, 85, 86, 87, 88, 89, 90, 91, 92, 93, 94, 95, 96, 97, 98, 99, 100, 101, 102, 103, 104, 105, 106, 107]",SSTF,46,23,23,23
919,random,44,"[131, 44, 127, 61, 31, 118, 64, 29, 53, 89, 175, 32, 118, 137, 178, 115, 124, 137, 0, 180, 76, 51, 135, 143]",SCAN,1587,316,224,391
920,bursty,164,"[82, 73, 82, 88, 83, 84, 79, 80, 72, 81, 82, 82, 171, 89, 77, 7, 76, 79, 78, 69, 81, 75, 83, 79]",SSTF,501,171,335,391
921,sequential,172,"[120, 121, 122, 123, 124, 125, 126, 127, 128, 129, 130, 131, 132, 133, 134, 135, 136, 137, 138, 139, 140, 141, 142, 143]",SSTF,75,52,52,52
922,random,79,"[160, 64, 54, 82, 101, 23, 174, 122, 39, 23, 24, 140, 190, 154, 168, 47, 1, 52, 190, 152, 83, 197, 42, 53]",SCAN,1574,314,276,395
923,bursty,183,"[123, 127, 134, 138, 124, 131, 124, 122, 122, 129, 118, 139, 183, 119, 128, 128, 128, 109, 136, 130, 112, 156, 123, 121]",SSTF,410,74,74,74
924,sequential,1,"[182, 185, 188, 191, 194, 197, 199, 199, 199, 199, 199, 199, 199, 199, 199, 199, 199, 199, 199, 199, 199, 199, 199, 199]",FCFS,198,198,200,217
925,random,38,"[22, 189, 147, 190, 17, 185, 20, 193, 9, 153, 106, 49, 176, 174, 3, 150, 166, 48, 90, 165, 158, 89, 13, 167]",SCAN,2383,247,231,388
926,bursty,192,"[131, 179, 170, 127, 187, 175, 181, 168, 139, 172, 40, 6, 181, 183, 173, 183, 180, 170, 185, 169, 168, 180, 185, 192]",SSTF,746,186,186,186
927,sequential,39,"[189, 188, 187, 186, 185, 184, 183, 182, 181, 180, 179, 178, 177, 176, 175, 174, 173, 172, 171, 170, 169, 168, 167, 166]",SSTF,173,150,228,271
928,random,35,"[188, 60, 159, 8, 21, 73, 91, 84, 106, 105, 110, 44, 196, 174, 66, 83, 181, 107, 39, 47, 127, 58, 52, 190]",SCAN,1555,349,231,394
929,bursty,52,"[91, 115, 99, 90, 63, 92, 100, 106, 94, 94, 101, 92, 101, 104, 94, 90, 98, 90, 91, 96, 105, 93, 98, 92]",SSTF,266,63,167,387
930,sequential,107,"[73, 72, 71, 70, 69, 68, 67, 66, 65, 64, 63, 62, 61, 60, 59, 58, 57, 56, 55, 54, 53, 52, 51, 50]",FCFS,57,57,57,57
931,random,55,"[176, 98, 107, 180, 87, 95, 152, 190, 106, 191, 42, 62, 113, 54, 188, 21, 125, 74, 17, 194, 50, 140, 135, 119]",SCAN,1870,342,249,391
932,bursty,84,"[72, 87, 77, 85, 73, 88, 80, 74, 81, 144, 72, 15, 80, 67, 75, 87, 86, 89, 142, 77, 84, 70, 74, 71]",SSTF,533,208,228,397
933,sequential,188,"[73, 75, 77, 79, 81, 83, 85, 87, 89, 91, 93, 95, 97, 99, 101, 103, 105, 107, 109, 111, 113, 115, 117, 119]",SSTF,161,115,115,115
934,random,56,"[145, 95, 163, 191, 145, 191, 84, 31, 54, 91, 80, 14, 195, 141, 151, 138, 15, 3, 85, 128, 90, 23, 28, 151]",SSTF,1375,245,251,374
935,bursty,90,"[41, 39, 30, 45, 24, 47, 37, 40, 31, 34, 39, 32, 40, 27, 50, 36, 42, 37, 23, 38, 37, 33, 28, 186]",SSTF,422,230,276,302
936,sequential,150,"[108, 110, 112, 114, 116, 118, 120, 122, 124, 126, 128, 130, 132, 134, 136, 138, 140, 142, 144, 146, 148, 150, 152, 154]",FCFS,88,88,304,396
937,random,87,"[183, 115, 102, 194, 83, 116, 125, 103, 98, 8, 169, 162, 188, 7, 127, 159, 39, 167, 128, 32, 152, 67, 31, 32]",SCAN,1691,302,281,387
938,bursty,9,"[86, 22, 172, 86, 191, 84, 70, 82, 88, 48, 82, 80, 85, 88, 79, 81, 76, 72, 102, 80, 83, 88, 77, 78]",SSTF,797,182,200,385
939,sequential,46,"[196, 199, 199, 199, 199, 199, 199, 199, 199, 199, 199, 199, 199, 199, 199, 199, 199, 199, 199, 199, 199, 199, 199, 199]",FCFS,153,153,245,248
940,random,172,"[59, 61, 20, 91, 47, 81, 177, 120, 102, 50, 115, 24, 34, 148, 195, 110, 135, 166, 48, 26, 53, 0, 37, 134]",SCAN,1350,377,367,393
941,bursty,2,"[183, 101, 175, 180, 190, 179, 100, 187, 186, 194, 182, 176, 190, 185, 186, 188, 176, 182, 190, 182, 180, 180, 186, 178]",SSTF,628,192,196,300
942,sequential,59,"[40, 39, 38, 37, 36, 35, 34, 33, 32, 31, 30, 29, 28, 27, 26, 25, 24, 23, 22, 21, 20, 19, 18, 17]",FCFS,42,42,42,42
943,random,107,"[194, 137, 104, 112, 147, 148, 148, 8, 160, 66, 106, 110, 140, 180, 184, 176, 80, 67, 23, 106, 113, 118, 173, 181]",SSTF,1044,279,301,395
944,bursty,82,"[25, 114, 30, 27, 28, 27, 26, 16, 27, 24, 32, 25, 32, 85, 27, 93, 57, 156, 41, 117, 29, 30, 22, 35]",SSTF,895,214,238,395
945,sequential,136,"[169, 167, 165, 163, 161, 159, 157, 155, 153, 151, 149, 147, 145, 143, 141, 139, 137, 135, 133, 131, 129, 127, 125, 123]",FCFS,79,79,305,397
946,random,156,"[155, 7, 129, 69, 170, 48, 155, 141, 21, 39, 162, 114, 147, 13, 115, 90, 119, 135, 15, 109, 111, 26, 56, 6]",SSTF,1704,180,326,392
947,bursty,124,"[79, 74, 62, 72, 62, 68, 73, 76, 67, 77, 75, 90, 79, 64, 78, 68, 68, 125, 70, 23, 150, 64, 75, 3]",SSTF,637,173,274,397
948,sequential,4,"[187, 190, 193, 196, 199, 199, 199, 199, 199, 199, 199, 199, 199, 199, 199, 199, 199, 199, 199, 199, 199, 199, 199, 199]",FCFS,195,195,203,215
949,random,71,"[42, 159, 93, 197, 122, 130, 151, 154, 10, 140, 78, 84, 39, 92, 63, 83, 103, 62, 163, 120, 127, 131, 120, 33]",SCAN,1226,313,268,391
950,bursty,96,"[15, 21, 12, 13, 10, 12, 0, 111, 17, 15, 9, 9, 173, 8, 15, 41, 3, 2, 5, 7, 3, 0, 12, 1]",SSTF,763,250,269,383
951,sequential,13,"[111, 112, 113, 114, 115, 116, 117, 118, 119, 120, 121, 122, 123, 124, 125, 126, 127, 128, 129, 130, 131, 132, 133, 134]",FCFS,121,121,147,300
952,random,35,"[92, 17, 162, 141, 173, 145, 14, 20, 87, 162, 133, 165, 158, 143, 132, 41, 123, 127, 122, 109, 56, 1, 123, 111]",SCAN,1168,310,208,392
953,bursty,34,"[151, 147, 150, 147, 136, 141, 146, 150, 139, 161, 146, 90, 148, 144, 150, 143, 142, 69, 146, 147, 148, 154, 151, 150]",SSTF,494,127,195,363
954,sequential,168,"[52, 49, 46, 43, 40, 37, 34, 31, 28, 25, 22, 19, 16, 13, 10, 7, 4, 1, 0, 0, 0, 0, 0, 0]",FCFS,168,168,168,168
955,random,42,"[6, 184, 193, 84, 92, 117, 0, 149, 164, 182, 65, 195, 101, 183, 157, 16, 176, 66, 54, 48, 78, 40, 95, 181]",SCAN,1751,352,237,392
956,bursty,194,"[174, 184, 177, 181, 180, 183, 187, 190, 140, 185, 195, 185, 187, 131, 190, 196, 173, 192, 189, 185, 176, 188, 151, 176]",SSTF,422,67,390,397
957,sequential,91,"[177, 176, 175, 174, 173, 172, 171, 170, 169, 168, 167, 166, 165, 164, 163, 162, 161, 160, 159, 158, 157, 156, 155, 154]",SSTF,109,86,268,335
958,random,5,"[77, 110, 9, 4, 112, 89, 63, 40, 178, 104, 91, 27, 185, 102, 197, 41, 86, 130, 64, 136, 8, 196, 183, 56]",SSTF,1855,194,202,395
959,bursty,132,"[73, 80, 161, 71, 75, 47, 80, 74, 73, 73, 182, 86, 77, 74, 65, 76, 70, 73, 69, 70, 77, 79, 79, 72]",SSTF,576,185,314,369
960,sequential,142,"[174, 172, 170, 168, 166, 164, 162, 160, 158, 156, 154, 152, 150, 148, 146, 144, 142, 140, 138, 136, 134, 132, 130, 128]",FCFS,78,78,316,396
961,random,93,"[55, 153, 88, 110, 48, 192, 93, 117, 144, 98, 102, 7, 69, 107, 44, 93, 103, 41, 20, 93, 198, 121, 52, 115]",SCAN,1416,306,291,393
962,bursty,57,"[130, 95, 132, 136, 134, 76, 139, 140, 134, 139, 138, 128, 130, 136, 133, 148, 143, 132, 143, 133, 132, 130, 133, 132]",SSTF,365,91,205,379
963,sequential,70,"[168, 167, 166, 165, 164, 163, 162, 161, 160, 159, 158, 157, 156, 155, 154, 153, 152, 151, 150, 149, 148, 147, 146, 145]",SSTF,121,98,238,323
964,random,51,"[60, 189, 14, 89, 3, 103, 57, 11, 143, 133, 146, 30, 52, 33, 148, 107, 157, 157, 82, 148, 193, 144, 162, 121]",SCAN,1478,332,244,397
965,bursty,145,"[157, 141, 149, 145, 151, 138, 158, 157, 146, 146, 151, 150, 163, 157, 146, 145, 150, 137, 158, 153, 155, 152, 151, 152]",SSTF,179,44,308,397
966,sequential,54,"[120, 122, 124, 126, 128, 130, 132, 134, 136, 138, 140, 142, 144, 146, 148, 150, 152, 154, 156, 158, 160, 162, 164, 166]",FCFS,112,112,220,332
967,random,19,"[54, 53, 51, 25, 125, 92, 121, 3, 17, 134, 12, 124, 102, 152, 81, 183, 194, 180, 85, 161, 10, 80, 74, 50]",SSTF,1401,207,213,392
968,bursty,9,"[109, 127, 29, 110, 110, 113, 95, 100, 104, 99, 110, 106, 108, 103, 104, 105, 102, 109, 105, 99, 108, 106, 104, 104]",SSTF,389,118,136,378
969,sequential,104,"[34, 32, 30, 28, 26, 24, 22, 20, 18, 16, 14, 12, 10, 8, 6, 4, 2, 0, 0, 0, 0, 0, 0, 0]",FCFS,104,104,104,104
970,random,119,"[117, 47, 152, 161, 115, 115, 101, 112, 193, 17, 167, 124, 41, 52, 45, 163, 163, 38, 118, 50, 19, 30, 171, 175]",SSTF,1386,286,312,393
971,bursty,104,"[54, 60, 54, 48, 54, 53, 60, 52, 50, 52, 50, 123, 52, 57, 45, 59, 59, 107, 60, 48, 61, 56, 61, 49]",SSTF,413,97,227,395
972,sequential,4,"[1, 0, 0, 0, 0, 0, 0, 0, 0, 0, 0, 0, 0, 0, 0, 0, 0, 0, 0, 0, 0, 0, 0, 0]",FCFS,4,4,4,4
973,random,36,"[35, 197, 162, 133, 109, 179, 3, 52, 53, 29, 85, 51, 186, 80, 122, 36, 44, 62, 120, 104, 65, 97, 71, 11]",SCAN,1287,369,233,390
974,bursty,168,"[124, 112, 111, 119, 115, 115, 119, 114, 111, 178, 125, 113, 124, 132, 122, 120, 124, 193, 100, 126, 118, 126, 116, 128]",SSTF,474,118,361,388
975,sequential,129,"[36, 39, 42, 45, 48, 51, 54, 57, 60, 63, 66, 69, 72, 75, 78, 81, 84, 87, 90, 93, 96, 99, 102, 105]",SSTF,162,93,93,93
976,random,134,"[1, 16, 191, 62, 68, 157, 129, 63, 27, 133, 4, 32, 156, 160, 27, 90, 2, 164, 123, 27, 193, 163, 79, 136]",SSTF,1988,279,327,396
977,bursty,96,"[116, 119, 116, 102, 112, 107, 118, 105, 111, 97, 43, 116, 116, 97, 125, 104, 109, 105, 117, 113, 112, 106, 106, 121]",SSTF,341,111,221,397
978,sequential,55,"[164, 166, 168, 170, 172, 174, 176, 178, 180, 182, 184, 186, 188, 190, 192, 194, 196, 198, 199, 199, 199, 199, 199, 199]",FCFS,144,144,254,289
979,random,118,"[143, 33, 21, 110, 177, 136, 104, 119, 92, 174, 97, 114, 184, 174, 15, 196, 156, 115, 141, 95, 127, 125, 5, 120]",SCAN,1436,325,314,397
980,bursty,124,"[49, 33, 30, 40, 43, 40, 156, 26, 46, 31, 27, 28, 104, 188, 39, 33, 33, 24, 41, 41, 107, 10, 46, 34]",SSTF,948,282,312,366
981,sequential,37,"[18, 17, 16, 15, 14, 13, 12, 11, 10, 9, 8, 7, 6, 5, 4, 3, 2, 1, 0, 0, 0, 0, 0, 0]",FCFS,37,37,37,37
982,random,82,"[41, 7, 146, 96, 81, 104, 186, 99, 134, 114, 170, 187, 37, 15, 95, 89, 48, 20, 82, 91, 46, 60, 96, 177]",SCAN,1173,287,269,391
983,bursty,101,"[154, 152, 144, 165, 151, 164, 153, 172, 157, 162, 148, 148, 193, 161, 156, 163, 172, 158, 145, 156, 158, 192, 163, 166]",SSTF,379,92,294,355
984,sequential,73,"[122, 119, 116, 113, 110, 107, 104, 101, 98, 95, 92, 89, 86, 83, 80, 77, 74, 71, 68, 65, 62, 59, 56, 53]",FCFS,118,118,195,397
985,random,182,"[92, 1, 49, 130, 106, 110, 61, 6, 198, 152, 164, 47, 173, 39, 168, 43, 134, 125, 27, 102, 117, 160, 88, 170]",SSTF,1808,378,380,382
986,bursty,36,"[161, 157, 160, 167, 156, 161, 11, 139, 163, 147, 165, 158, 152, 154, 153, 75, 166, 157, 155, 156, 155, 143, 197, 165]",SSTF,787,211,233,359
987,sequential,185,"[132, 133, 134, 135, 136, 137, 138, 139, 140, 141, 142, 143, 144, 145, 146, 147, 148, 149, 150, 151, 152, 153, 154, 155]",SSTF,76,53,53,53
988,random,64,"[82, 158, 95, 27, 183, 139, 95, 184, 177, 139, 78, 80, 50, 40, 139, 7, 45, 66, 161, 142, 179, 8, 143, 9]",SCAN,1587,297,248,396
989,bursty,72,"[155, 155, 149, 27, 154, 150, 158, 194, 147, 152, 148, 92, 154, 160, 159, 161, 156, 149, 164, 161, 155, 154, 146, 153]",SCAN,621,289,266,378
990,sequential,99,"[123, 120, 117, 114, 111, 108, 105, 102, 99, 96, 93, 90, 87, 84, 81, 78, 75, 72, 69, 66, 63, 60, 57, 54]",FCFS,93,93,222,395
991,random,127,"[187, 43, 85, 14, 152, 26, 156, 99, 89, 185, 68, 166, 49, 76, 39, 198, 147, 28, 83, 58, 130, 0, 54, 110]",SSTF,1991,269,325,395
992,bursty,55,"[73, 79, 72, 65, 76, 71, 71, 74, 105, 71, 67, 59, 72, 112, 62, 72, 71, 70, 60, 74, 71, 69, 63, 74]",SSTF,295,57,167,394
993,sequential,130,"[182, 180, 178, 176, 174, 172, 170, 168, 166, 164, 162, 160, 158, 156, 154, 152, 150, 148, 146, 144, 142, 140, 138, 136]",SSTF,98,52,312,392
994,random,79,"[154, 153, 148, 46, 121, 148, 131, 61, 0, 1, 124, 167, 140, 109, 105, 164, 109, 96, 16, 147, 152, 158, 93, 142]",SCAN,1125,255,246,384
995,bursty,137,"[167, 166, 163, 176, 173, 168, 178, 172, 169, 168, 177, 180, 164, 165, 168, 166, 166, 4, 164, 161, 77, 176, 173, 162]",SSTF,631,219,317,374
996,sequential,110,"[73, 70, 67, 64, 61, 58, 55, 52, 49, 46, 43, 40, 37, 34, 31, 28, 25, 22, 19, 16, 13, 10, 7, 4]",FCFS,106,106,106,106
997,random,152,"[59, 104, 16, 48, 167, 15, 182, 172, 50, 45, 3, 175, 61, 7, 156, 6, 9, 124, 167, 99, 1, 154, 199, 120]",SSTF,2118,245,351,396
998,bursty,187,"[190, 193, 189, 177, 188, 188, 188, 192, 188, 176, 185, 191, 192, 188, 185, 184, 184, 173, 157, 191, 178, 179, 180, 186]",SSTF,159,42,380,397
999,sequential,176,"[115, 117, 119, 121, 123, 125, 127, 129, 131, 133, 135, 137, 139, 141, 143, 145, 147, 149, 151, 153, 155, 157, 159, 161]",SSTF,107,61,61,61
1000,random,4,"[62, 120, 105, 21, 63, 53, 42, 15, 173, 59, 99, 98, 62, 4, 100, 38, 120, 38, 6, 93, 149, 143, 6, 143]",SSTF,1489,169,177,396
1001,bursty,41,"[136, 198, 139, 138, 138, 139, 144, 3, 137, 145, 139, 191, 140, 136, 147, 146, 134, 142, 147, 141, 134, 130, 133, 140]",SSTF,683,233,239,309
1002,sequential,199,"[107, 110, 113, 116, 119, 122, 125, 128, 131, 134, 137, 140, 143, 146, 149, 152, 155, 158, 161, 164, 167, 170, 173, 176]",SSTF,161,92,92,92
1003,random,199,"[101, 94, 185, 41, 66, 113, 164, 22, 90, 89, 148, 175, 89, 46, 60, 103, 97, 107, 0, 181, 58, 131, 68, 44]",SSTF,1533,199,199,199
1004,bursty,50,"[131, 2, 3, 130, 120, 124, 100, 132, 123, 46, 121, 116, 125, 121, 131, 133, 117, 124, 120, 121, 161, 115, 117, 114]",SSTF,718,207,211,348
1005,sequential,154,"[163, 164, 165, 166, 167, 168, 169, 170, 171, 172, 173, 174, 175, 176, 177, 178, 179, 180, 181, 182, 183, 184, 185, 186]",FCFS,32,32,340,389
1006,random,59,"[129, 182, 33, 8, 19, 199, 84, 189, 52, 58, 11, 189, 13, 15, 191, 33, 196, 199, 94, 26, 61, 129, 15, 15]",SSTF,2144,248,258,396
1007,bursty,33,"[115, 153, 123, 128, 127, 120, 123, 108, 159, 109, 111, 45, 116, 111, 113, 110, 120, 116, 124, 117, 107, 12, 114, 116]",SSTF,669,192,192,386
1008,sequential,62,"[15, 14, 13, 12, 11, 10, 9, 8, 7, 6, 5, 4, 3, 2, 1, 0, 0, 0, 0, 0, 0, 0, 0, 0]",FCFS,62,62,62,62
1009,random,195,"[149, 60, 40, 139, 190, 112, 135, 169, 46, 156, 94, 107, 127, 80, 44, 27, 143, 130, 95, 74, 193, 90, 106, 66]",SSTF,1331,168,168,168
1010,bursty,186,"[166, 7, 23, 162, 161, 151, 156, 155, 162, 176, 166, 167, 32, 148, 156, 155, 104, 161, 169, 154, 130, 4, 163, 165]",SSTF,1085,182,182,182
1011,sequential,44,"[124, 122, 120, 118, 116, 114, 112, 110, 108, 106, 104, 102, 100, 98, 96, 94, 92, 90, 88, 86, 84, 82, 80, 78]",SSTF,126,80,168,364
1012,random,114,"[83, 108, 133, 103, 19, 156, 92, 83, 17, 143, 53, 52, 100, 119, 12, 56, 26, 196, 136, 179, 46, 94, 2, 196]",SCAN,1676,316,310,393
1013,bursty,24,"[57, 125, 64, 64, 56, 58, 60, 58, 63, 71, 69, 67, 59, 71, 56, 61, 67, 35, 61, 60, 64, 68, 17, 124]",SSTF,464,115,149,387
1014,sequential,6,"[17, 14, 11, 8, 5, 2, 0, 0, 0, 0, 0, 0, 0, 0, 0, 0, 0, 0, 0, 0, 0, 0, 0, 0]",SCAN,28,30,23,396
1015,random,48,"[119, 171, 14, 45, 155, 107, 165, 148, 55, 82, 20, 161, 62, 163, 149, 59, 171, 55, 105, 47, 170, 197, 149, 81]",SCAN,1773,338,245,391
1016,bursty,30,"[18, 25, 113, 24, 21, 121, 30, 29, 19, 42, 19, 23, 24, 32, 25, 18, 30, 29, 30, 27, 29, 15, 31, 21]",SSTF,533,121,151,397
1017,sequential,38,"[48, 47, 46, 45, 44, 43, 42, 41, 40, 39, 38, 37, 36, 35, 34, 33, 32, 31, 30, 29, 28, 27, 26, 25]",FCFS,33,33,86,397
1018,random,165,"[63, 187, 33, 113, 86, 121, 26, 189, 68, 93, 180, 46, 191, 49, 108, 165, 95, 116, 135, 64, 178, 137, 65, 58]",SSTF,1965,191,356,385
1019,bursty,150,"[5, 12, 14, 22, 17, 13, 10, 20, 15, 19, 24, 13, 18, 23, 15, 20, 23, 192, 115, 9, 15, 24, 17, 19]",SSTF,611,299,342,356
1020,sequential,132,"[130, 129, 128, 127, 126, 125, 124, 123, 122, 121, 120, 119, 118, 117, 116, 115, 114, 113, 112, 111, 110, 109, 108, 107]",FCFS,25,25,25,25
1021,random,194,"[106, 62, 48, 111, 58, 94, 159, 126, 87, 61, 139, 74, 49, 172, 8, 149, 87, 175, 24, 14, 124, 129, 129, 72]",SSTF,1540,186,186,186
1022,bursty,8,"[153, 153, 157, 157, 152, 160, 148, 141, 147, 95, 152, 153, 161, 154, 151, 155, 146, 162, 150, 143, 53, 136, 156, 144]",SSTF,568,154,170,353
1023,sequential,187,"[80, 82, 84, 86, 88, 90, 92, 94, 96, 98, 100, 102, 104, 106, 108, 110, 112, 114, 116, 118, 120, 122, 124, 126]",SSTF,153,107,107,107
1024,random,131,"[141, 187, 118, 99, 197, 133, 123, 98, 118, 156, 108, 36, 36, 132, 25, 136, 182, 8, 195, 91, 112, 110, 93, 106]",SSTF,1397,255,328,397
1025,bursty,33,"[156, 150, 145, 154, 149, 154, 141, 157, 140, 151, 152, 151, 136, 142, 156, 159, 166, 151, 154, 149, 156, 150, 146, 148]",SSTF,299,133,199,295
1026,sequential,93,"[83, 86, 89, 92, 95, 98, 101, 104, 107, 110, 113, 116, 119, 122, 125, 128, 131, 134, 137, 140, 143, 146, 149, 152]",FCFS,79,79,245,396
1027,random,56,"[93, 99, 27, 177, 10, 177, 155, 152, 170, 64, 16, 63, 194, 18, 144, 33, 76, 148, 190, 138, 126, 23, 137, 35]",SCAN,1927,322,250,391
1028,bursty,51,"[177, 169, 187, 177, 186, 176, 175, 188, 175, 185, 179, 178, 176, 175, 135, 172, 191, 60, 170, 170, 126, 175, 174, 173]",SSTF,660,140,242,389
1029,sequential,73,"[73, 70, 67, 64, 61, 58, 55, 52, 49, 46, 43, 40, 37, 34, 31, 28, 25, 22, 19, 16, 13, 10, 7, 4]",FCFS,69,69,69,69
1030,random,179,"[105, 73, 8, 31, 95, 0, 97, 42, 91, 140, 112, 75, 147, 35, 132, 24, 11, 59, 16, 158, 61, 69, 124, 165]",SSTF,1504,179,179,179
1031,bursty,99,"[159, 15, 5, 7, 13, 14, 20, 2, 100, 7, 0, 10, 189, 12, 5, 19, 3, 10, 58, 12, 0, 7, 9, 9]",SCAN,970,290,288,397
1032,sequential,144,"[138, 141, 144, 147, 150, 153, 156, 159, 162, 165, 168, 171, 174, 177, 180, 183, 186, 189, 192, 195, 198, 199, 199, 199]",FCFS,67,67,343,395
1033,random,110,"[123, 72, 121, 95, 18, 58, 55, 73, 72, 166, 113, 90, 124, 196, 28, 158, 1, 114, 165, 187, 16, 198, 144, 14]",SSTF,1732,285,308,395
1034,bursty,197,"[5, 90, 20, 19, 9, 5, 17, 15, 136, 49, 7, 13, 11, 0, 23, 12, 20, 3, 10, 26, 24, 6, 10, 24]",SSTF,765,197,197,197
1035,sequential,108,"[112, 115, 118, 121, 124, 127, 130, 133, 136, 139, 142, 145, 148, 151, 154, 157, 160, 163, 166, 169, 172, 175, 178, 181]",FCFS,73,73,289,394
1036,random,82,"[22, 31, 167, 49, 25, 123, 159, 22, 90, 27, 188, 93, 55, 166, 57, 159, 90, 72, 195, 50, 193, 121, 130, 62]",SSTF,2012,255,277,390
1037,bursty,57,"[119, 138, 141, 29, 130, 140, 133, 82, 138, 124, 126, 129, 128, 131, 128, 138, 118, 132, 140, 134, 131, 137, 133, 131]",SSTF,520,196,198,373
1038,sequential,20,"[23, 26, 29, 32, 35, 38, 41, 44, 47, 50, 53, 56, 59, 62, 65, 68, 71, 74, 77, 80, 83, 86, 89, 92]",FCFS,72,72,112,395
1039,random,159,"[4, 88, 23, 120, 29, 199, 105, 151, 73, 44, 137, 32, 157, 156, 107, 119, 197, 102, 199, 108, 40, 110, 186, 64]",SSTF,1991,350,358,371
1040,bursty,112,"[130, 124, 129, 120, 121, 139, 126, 127, 127, 136, 121, 135, 120, 118, 121, 164, 124, 114, 134, 122, 122, 122, 128, 125]",SSTF,263,52,276,396
1041,sequential,136,"[174, 177, 180, 183, 186, 189, 192, 195, 198, 199, 199, 199, 199, 199, 199, 199, 199, 199, 199, 199, 199, 199, 199, 199]",FCFS,63,63,335,360
1042,random,159,"[48, 139, 104, 144, 172, 195, 50, 105, 139, 21, 35, 141, 140, 99, 26, 54, 188, 178, 58, 8, 118, 133, 86, 61]",SSTF,1454,223,354,385
1043,bursty,99,"[106, 92, 105, 102, 99, 98, 98, 109, 103, 102, 106, 99, 93, 94, 107, 102, 101, 104, 97, 102, 98, 104, 102, 94]",SSTF,131,24,208,396
1044,sequential,51,"[195, 194, 193, 192, 191, 190, 189, 188, 187, 186, 185, 184, 183, 182, 181, 180, 179, 178, 177, 176, 175, 174, 173, 172]",SSTF,167,144,246,277
1045,random,6,"[125, 82, 92, 178, 181, 144, 185, 124, 123, 43, 68, 80, 80, 133, 1, 105, 167, 25, 50, 29, 118, 18, 197, 64]",SSTF,1558,201,203,386
1046,bursty,161,"[172, 166, 165, 158, 159, 159, 159, 159, 164, 179, 176, 162, 170, 163, 45, 171, 176, 176, 172, 160, 154, 164, 166, 162]",SSTF,365,152,340,397
1047,sequential,84,"[38, 36, 34, 32, 30, 28, 26, 24, 22, 20, 18, 16, 14, 12, 10, 8, 6, 4, 2, 0, 0, 0, 0, 0]",FCFS,84,84,84,84
1048,random,149,"[154, 101, 189, 41, 58, 154, 191, 164, 156, 174, 116, 74, 169, 177, 99, 51, 106, 119, 115, 181, 33, 165, 112, 199]",SSTF,1384,216,348,393
1049,bursty,152,"[176, 176, 171, 174, 170, 171, 178, 165, 182, 173, 189, 181, 178, 173, 175, 115, 173, 37, 185, 173, 168, 178, 186, 180]",SSTF,560,189,341,385
1050,sequential,60,"[5, 8, 11, 14, 17, 20, 23, 26, 29, 32, 35, 38, 41, 44, 47, 50, 53, 56, 59, 62, 65, 68, 71, 74]",FCFS,124,124,134,396
1051,random,23,"[152, 110, 157, 162, 119, 58, 60, 49, 38, 112, 163, 79, 86, 194, 23, 197, 155, 88, 78, 96, 161, 184, 30, 85]",SSTF,1454,174,220,391
1052,bursty,56,"[18, 14, 36, 77, 43, 24, 29, 33, 38, 37, 142, 46, 27, 31, 28, 29, 24, 37, 12, 27, 26, 32, 141, 23]",SSTF,693,174,198,377
1053,sequential,57,"[146, 144, 142, 140, 138, 136, 134, 132, 130, 128, 126, 124, 122, 120, 118, 116, 114, 112, 110, 108, 106, 104, 102, 100]",SSTF,135,89,203,355
1054,random,58,"[32, 105, 69, 199, 0, 25, 6, 51, 164, 18, 88, 176, 42, 153, 172, 183, 199, 174, 119, 25, 48, 74, 167, 48]",SSTF,1696,257,257,387
1055,bursty,166,"[38, 60, 52, 51, 123, 51, 43, 40, 56, 53, 48, 45, 53, 59, 60, 106, 54, 44, 51, 55, 47, 155, 59, 53]",SSTF,693,128,128,128
1056,sequential,107,"[34, 33, 32, 31, 30, 29, 28, 27, 26, 25, 24, 23, 22, 21, 20, 19, 18, 17, 16, 15, 14, 13, 12, 11]",FCFS,96,96,96,96
1057,random,23,"[107, 156, 70, 127, 153, 91, 125, 16, 119, 107, 163, 156, 54, 82, 71, 4, 172, 14, 188, 119, 101, 121, 121, 38]",SSTF,1583,203,211,383
1058,bursty,181,"[71, 71, 66, 67, 70, 69, 74, 68, 71, 73, 64, 71, 71, 70, 69, 60, 71, 75, 74, 70, 74, 64, 69, 78]",SSTF,211,121,121,121
1059,sequential,55,"[190, 188, 186, 184, 182, 180, 178, 176, 174, 172, 170, 168, 166, 164, 162, 160, 158, 156, 154, 152, 150, 148, 146, 144]",SSTF,181,135,245,309
1060,random,193,"[19, 8, 102, 135, 104, 21, 64, 92, 6, 17, 148, 81, 47, 73, 95, 30, 47, 199, 86, 146, 86, 101, 58, 60]",SSTF,1401,199,392,392
1061,bursty,100,"[106, 124, 110, 124, 107, 111, 194, 173, 107, 112, 118, 108, 112, 118, 113, 112, 115, 116, 102, 106, 105, 103, 118, 109]",SSTF,329,94,294,396
1062,sequential,41,"[88, 89, 90, 91, 92, 93, 94, 95, 96, 97, 98, 99, 100, 101, 102, 103, 104, 105, 106, 107, 108, 109, 110, 111]",FCFS,70,70,152,351
1063,random,36,"[197, 140, 90, 178, 81, 130, 166, 103, 122, 16, 80, 149, 196, 122, 63, 172, 74, 118, 163, 62, 198, 15, 195, 101]",SSTF,2029,204,234,372
1064,bursty,24,"[85, 86, 84, 91, 88, 92, 91, 4, 91, 85, 89, 81, 85, 94, 91, 81, 90, 88, 89, 41, 88, 85, 98, 93]",SCAN,425,148,122,381
1065,sequential,5,"[65, 66, 67, 68, 69, 70, 71, 72, 73, 74, 75, 76, 77, 78, 79, 80, 81, 82, 83, 84, 85, 86, 87, 88]",FCFS,83,83,93,338
1066,random,134,"[2, 165, 10, 194, 118, 100, 31, 46, 30, 12, 76, 17, 4, 25, 47, 72, 96, 109, 30, 156, 124, 93, 54, 92]",SSTF,1432,324,328,376
1067,bursty,69,"[50, 22, 166, 164, 167, 167, 156, 156, 162, 163, 32, 156, 172, 160, 157, 158, 163, 160, 174, 165, 170, 157, 160, 163]",SSTF,556,199,243,311
1068,sequential,198,"[12, 9, 6, 3, 0, 0, 0, 0, 0, 0, 0, 0, 0, 0, 0, 0, 0, 0, 0, 0, 0, 0, 0, 0]",FCFS,198,198,198,198
1069,random,116,"[187, 117, 14, 54, 47, 119, 48, 80, 135, 129, 52, 29, 84, 129, 188, 198, 35, 31, 76, 196, 135, 128, 3, 160]",SSTF,1478,277,314,397
1070,bursty,191,"[27, 21, 36, 29, 19, 22, 20, 19, 25, 18, 145, 16, 25, 22, 27, 31, 2, 13, 16, 22, 11, 17, 26, 10]",SSTF,589,189,189,189
1071,sequential,144,"[141, 144, 147, 150, 153, 156, 159, 162, 165, 168, 171, 174, 177, 180, 183, 186, 189, 192, 195, 198, 199, 199, 199, 199]",FCFS,61,61,343,395
1072,random,1,"[169, 154, 190, 72, 149, 142, 96, 12, 169, 53, 174, 70, 90, 132, 140, 136, 185, 90, 133, 109, 75, 88, 119, 175]",SSTF,1468,189,191,387
1073,bursty,165,"[115, 101, 120, 108, 196, 111, 106, 100, 105, 101, 106, 113, 99, 112, 113, 105, 106, 112, 104, 107, 109, 117, 97, 123]",SSTF,410,130,361,367
1074,sequential,37,"[20, 19, 18, 17, 16, 15, 14, 13, 12, 11, 10, 9, 8, 7, 6, 5, 4, 3, 2, 1, 0, 0, 0, 0]",FCFS,37,37,37,37
1075,random,150,"[199, 22, 190, 79, 58, 110, 14, 75, 130, 65, 127, 176, 44, 73, 105, 157, 151, 177, 142, 173, 198, 72, 159, 2]",SSTF,1704,246,349,397
1076,bursty,165,"[148, 157, 169, 49, 151, 147, 169, 149, 143, 142, 141, 21, 144, 147, 150, 153, 155, 147, 150, 139, 139, 151, 151, 10]",SSTF,743,163,334,394
1077,sequential,175,"[189, 187, 185, 183, 181, 179, 177, 175, 173, 171, 169, 167, 165, 163, 161, 159, 157, 155, 153, 151, 149, 147, 145, 143]",FCFS,60,60,364,396
1078,random,98,"[27, 173, 68, 183, 2, 7, 187, 193, 35, 191, 117, 191, 41, 150, 42, 6, 30, 94, 174, 99, 31, 8, 70, 197]",SCAN,2197,304,295,397
1079,bursty,83,"[158, 170, 158, 157, 159, 158, 146, 162, 147, 151, 161, 157, 153, 148, 158, 159, 153, 155, 186, 154, 157, 160, 151, 152]",SSTF,271,103,269,335
1080,sequential,194,"[75, 72, 69, 66, 63, 60, 57, 54, 51, 48, 45, 42, 39, 36, 33, 30, 27, 24, 21, 18, 15, 12, 9, 6]",FCFS,188,188,188,188
1081,random,99,"[192, 90, 42, 83, 179, 109, 92, 139, 9, 28, 120, 126, 186, 71, 188, 54, 178, 46, 89, 41, 124, 11, 44, 66]",SSTF,1785,273,291,388
1082,bursty,117,"[190, 176, 180, 180, 188, 180, 185, 180, 181, 175, 178, 179, 175, 183, 178, 179, 165, 176, 187, 172, 178, 184, 171, 173]",SSTF,224,73,307,350
1083,sequential,67,"[123, 126, 129, 132, 135, 138, 141, 144, 147, 150, 153, 156, 159, 162, 165, 168, 171, 174, 177, 180, 183, 186, 189, 192]",FCFS,125,125,259,342
1084,random,0,"[112, 118, 8, 114, 197, 26, 25, 119, 100, 128, 182, 164, 71, 4, 29, 88, 116, 17, 44, 114, 75, 135, 137, 152]",SSTF,1386,197,197,394
1085,bursty,133,"[132, 183, 15, 147, 156, 135, 147, 132, 93, 137, 141, 132, 147, 142, 133, 136, 135, 133, 40, 145, 139, 135, 44, 140]",SSTF,935,220,316,396
1086,sequential,96,"[48, 50, 52, 54, 56, 58, 60, 62, 64, 66, 68, 70, 72, 74, 76, 78, 80, 82, 84, 86, 88, 90, 92, 94]",SSTF,94,48,48,48
1087,random,1,"[190, 62, 59, 67, 6, 55, 56, 32, 12, 45, 59, 35, 63, 152, 94, 166, 55, 92, 80, 17, 177, 80, 34, 46]",SSTF,1339,189,191,393
1088,bursty,103,"[100, 107, 134, 110, 109, 108, 107, 102, 136, 103, 104, 119, 95, 96, 106, 109, 108, 113, 100, 115, 107, 187, 108, 86]",SSTF,413,190,290,397
1089,sequential,43,"[75, 72, 69, 66, 63, 60, 57, 54, 51, 48, 45, 42, 39, 36, 33, 30, 27, 24, 21, 18, 15, 12, 9, 6]",FCFS,101,103,118,396
1090,random,151,"[139, 128, 117, 15, 55, 180, 172, 4, 162, 48, 10, 164, 119, 46, 183, 134, 178, 180, 19, 25, 87, 85, 78, 95]",SSTF,1546,211,334,387
1091,bursty,109,"[112, 112, 120, 124, 119, 126, 113, 119, 124, 115, 121, 114, 126, 117, 124, 125, 117, 123, 119, 114, 111, 2, 121, 115]",SSTF,362,141,235,396
1092,sequential,140,"[13, 16, 19, 22, 25, 28, 31, 34, 37, 40, 43, 46, 49, 52, 55, 58, 61, 64, 67, 70, 73, 76, 79, 82]",SSTF,196,127,127,127
1093,random,0,"[198, 73, 110, 124, 30, 185, 145, 111, 142, 134, 0, 65, 144, 198, 74, 3, 79, 64, 35, 50, 85, 129, 184, 95]",SSTF,1621,198,198,395
1094,bursty,137,"[72, 124, 125, 131, 128, 129, 132, 138, 189, 133, 133, 141, 130, 133, 125, 124, 196, 134, 107, 144, 129, 125, 144, 131]",SSTF,524,203,333,397
1095,sequential,155,"[22, 23, 24, 25, 26, 27, 28, 29, 30, 31, 32, 33, 34, 35, 36, 37, 38, 39, 40, 41, 42, 43, 44, 45]",SSTF,156,133,133,133
1096,random,176,"[0, 22, 41, 14, 177, 8, 113, 158, 55, 122, 182, 164, 181, 145, 199, 134, 78, 29, 107, 108, 124, 147, 188, 167]",SSTF,1431,222,375,397
1097,bursty,6,"[123, 125, 137, 134, 125, 130, 137, 129, 123, 132, 128, 133, 35, 132, 135, 126, 127, 90, 132, 138, 143, 134, 23, 132]",SSTF,714,137,149,381
1098,sequential,62,"[153, 150, 147, 144, 141, 138, 135, 132, 129, 126, 123, 120, 117, 114, 111, 108, 105, 102, 99, 96, 93, 90, 87, 84]",SSTF,160,91,215,376
1099,random,70,"[76, 130, 117, 103, 178, 134, 157, 60, 151, 75, 128, 145, 49, 37, 136, 111, 76, 172, 154, 180, 165, 87, 12, 168]",SCAN,1294,278,250,393
1100,bursty,179,"[46, 50, 38, 22, 45, 41, 43, 50, 46, 92, 39, 34, 45, 96, 51, 30, 32, 45, 50, 32, 49, 57, 42, 41]",SSTF,516,157,157,157
1101,sequential,29,"[189, 187, 185, 183, 181, 179, 177, 175, 173, 171, 169, 167, 165, 163, 161, 159, 157, 155, 153, 151, 149, 147, 145, 143]",SSTF,206,160,218,284
1102,random,191,"[81, 189, 132, 34, 81, 0, 10, 181, 47, 146, 73, 163, 67, 86, 118, 158, 94, 139, 192, 181, 54, 164, 197, 61]",SSTF,1844,225,388,397
1103,bursty,50,"[162, 168, 142, 148, 150, 156, 160, 162, 168, 154, 148, 7, 157, 163, 158, 30, 145, 153, 156, 144, 150, 154, 145, 39]",SSTF,883,204,218,306
1104,sequential,108,"[75, 72, 69, 66, 63, 60, 57, 54, 51, 48, 45, 42, 39, 36, 33, 30, 27, 24, 21, 18, 15, 12, 9, 6]",FCFS,102,102,102,102
1105,random,168,"[133, 140, 170, 142, 34, 58, 9, 114, 164, 197, 193, 167, 68, 92, 129, 35, 54, 76, 115, 40, 59, 82, 31, 174]",SSTF,1144,361,365,396
1106,bursty,81,"[129, 133, 130, 117, 60, 128, 134, 126, 130, 116, 100, 159, 127, 73, 128, 142, 124, 132, 133, 133, 158, 128, 124, 128]",SSTF,545,120,240,379
1107,sequential,159,"[128, 130, 132, 134, 136, 138, 140, 142, 144, 146, 148, 150, 152, 154, 156, 158, 160, 162, 164, 166, 168, 170, 172, 174]",FCFS,77,77,333,397
1108,random,69,"[49, 85, 78, 31, 17, 157, 146, 177, 190, 155, 199, 141, 127, 5, 103, 45, 45, 90, 83, 71, 57, 189, 96, 96]",SCAN,1051,324,268,396
1109,bursty,82,"[77, 76, 59, 77, 79, 73, 81, 77, 74, 81, 81, 78, 81, 78, 80, 73, 72, 82, 74, 67, 75, 84, 75, 74]",SSTF,142,48,166,396
1110,sequential,61,"[198, 199, 199, 199, 199, 199, 199, 199, 199, 199, 199, 199, 199, 199, 199, 199, 199, 199, 199, 199, 199, 199, 199, 199]",FCFS,138,138,260,261
1111,random,9,"[30, 85, 150, 76, 192, 47, 70, 118, 5, 114, 3, 165, 7, 132, 86, 18, 67, 21, 140, 9, 20, 32, 81, 109]",SSTF,1884,195,201,389
1112,bursty,176,"[136, 138, 141, 133, 149, 140, 132, 136, 132, 132, 137, 131, 109, 132, 135, 85, 122, 132, 143, 146, 137, 127, 159, 135]",SSTF,339,91,91,91
1113,sequential,40,"[102, 99, 96, 93, 90, 87, 84, 81, 78, 75, 72, 69, 66, 63, 60, 57, 54, 51, 48, 45, 42, 39, 36, 33]",FCFS,131,133,142,396
1114,random,144,"[188, 92, 3, 166, 129, 137, 91, 146, 59, 23, 118, 166, 86, 131, 21, 187, 102, 170, 83, 24, 32, 18, 75, 188]",SSTF,1696,330,332,396
1115,bursty,188,"[167, 148, 158, 160, 163, 160, 147, 155, 158, 158, 162, 155, 158, 46, 151, 145, 150, 162, 160, 172, 146, 154, 158, 149]",SSTF,397,142,142,142
1116,sequential,189,"[192, 190, 188, 186, 184, 182, 180, 178, 176, 174, 172, 170, 168, 166, 164, 162, 160, 158, 156, 154, 152, 150, 148, 146]",FCFS,49,49,381,397
1117,random,189,"[150, 18, 121, 39, 45, 56, 145, 3, 174, 29, 22, 114, 132, 53, 151, 165, 191, 132, 114, 169, 45, 78, 17, 41]",SSTF,1628,190,380,396
1118,bursty,121,"[14, 16, 15, 11, 14, 10, 16, 11, 6, 7, 14, 7, 11, 12, 15, 39, 126, 113, 0, 39, 21, 184, 13, 9]",SSTF,792,273,305,393
1119,sequential,141,"[66, 68, 70, 72, 74, 76, 78, 80, 82, 84, 86, 88, 90, 92, 94, 96, 98, 100, 102, 104, 106, 108, 110, 112]",SSTF,121,75,75,75
1120,random,148,"[118, 63, 179, 124, 98, 30, 92, 159, 51, 104, 54, 63, 199, 177, 130, 7, 96, 113, 70, 114, 184, 167, 163, 15]",SSTF,1459,243,347,387
1121,bursty,52,"[105, 119, 107, 116, 100, 104, 52, 22, 100, 100, 106, 104, 102, 103, 111, 111, 104, 104, 112, 152, 109, 107, 109, 102]",SSTF,396,160,204,350
1122,sequential,98,"[179, 180, 181, 182, 183, 184, 185, 186, 187, 188, 189, 190, 191, 192, 193, 194, 195, 196, 197, 198, 199, 199, 199, 199]",FCFS,101,101,297,317
1123,random,0,"[17, 102, 165, 163, 48, 82, 99, 65, 194, 43, 107, 161, 95, 77, 157, 30, 136, 185, 126, 187, 13, 127, 118, 94]",SSTF,1652,194,194,385
1124,bursty,175,"[138, 136, 130, 139, 125, 131, 115, 129, 137, 137, 131, 134, 23, 129, 136, 135, 136, 131, 118, 142, 134, 139, 137, 134]",SSTF,407,152,152,152
1125,sequential,97,"[56, 53, 50, 47, 44, 41, 38, 35, 32, 29, 26, 23, 20, 17, 14, 11, 8, 5, 2, 0, 0, 0, 0, 0]",FCFS,97,97,97,97
1126,random,183,"[116, 20, 82, 102, 55, 74, 118, 132, 89, 147, 160, 53, 142, 182, 184, 82, 38, 32, 13, 155, 99, 105, 179, 172]",SSTF,1177,174,367,397
1127,bursty,178,"[101, 112, 99, 102, 101, 100, 106, 115, 105, 104, 109, 112, 111, 6, 99, 114, 97, 110, 97, 100, 101, 103, 111, 112]",SSTF,412,172,172,172
1128,sequential,158,"[199, 198, 197, 196, 195, 194, 193, 192, 191, 190, 189, 188, 187, 186, 185, 184, 183, 182, 181, 180, 179, 178, 177, 176]",SSTF,64,41,357,380
1129,random,109,"[10, 77, 198, 57, 69, 137, 29, 119, 156, 77, 55, 131, 96, 187, 91, 5, 31, 41, 43, 44, 136, 110, 138, 67]",SSTF,1484,282,307,397
1130,bursty,72,"[160, 155, 156, 149, 160, 152, 158, 159, 155, 149, 143, 157, 167, 154, 163, 157, 144, 160, 154, 160, 154, 163, 51, 159]",SSTF,471,137,239,327
1131,sequential,198,"[159, 158, 157, 156, 155, 154, 153, 152, 151, 150, 149, 148, 147, 146, 145, 144, 143, 142, 141, 140, 139, 138, 137, 136]",FCFS,62,62,62,62
1132,random,156,"[143, 191, 144, 74, 131, 9, 139, 112, 78, 132, 136, 51, 52, 0, 73, 68, 93, 92, 151, 169, 70, 36, 33, 34]",SSTF,1062,347,347,385
1133,bursty,135,"[72, 64, 158, 64, 61, 59, 5, 61, 70, 175, 65, 65, 68, 64, 66, 64, 67, 67, 60, 61, 56, 191, 18, 31]",SSTF,946,242,326,375
1134,sequential,144,"[54, 53, 52, 51, 50, 49, 48, 47, 46, 45, 44, 43, 42, 41, 40, 39, 38, 37, 36, 35, 34, 33, 32, 31]",FCFS,113,113,113,113
1135,random,145,"[184, 52, 60, 52, 42, 192, 141, 108, 66, 83, 98, 51, 18, 162, 78, 5, 25, 182, 49, 135, 35, 137, 84, 24]",SSTF,1597,327,337,381
1136,bursty,143,"[120, 120, 120, 123, 114, 131, 124, 106, 112, 121, 127, 118, 122, 124, 111, 118, 113, 123, 121, 78, 123, 126, 110, 118]",SSTF,265,65,65,65
1137,sequential,100,"[88, 86, 84, 82, 80, 78, 76, 74, 72, 70, 68, 66, 64, 62, 60, 58, 56, 54, 52, 50, 48, 46, 44, 42]",FCFS,58,58,58,58
1138,random,91,"[77, 88, 4, 78, 61, 199, 145, 13, 184, 168, 73, 0, 113, 129, 45, 106, 171, 25, 144, 185, 130, 128, 13, 67]",SSTF,1750,290,290,383
1139,bursty,138,"[24, 28, 69, 28, 36, 27, 31, 20, 28, 8, 24, 23, 25, 28, 35, 29, 32, 95, 31, 187, 112, 37, 37, 32]",SSTF,736,309,325,349
1140,sequential,199,"[111, 113, 115, 117, 119, 121, 123, 125, 127, 129, 131, 133, 135, 137, 139, 141, 143, 145, 147, 149, 151, 153, 155, 157]",SSTF,134,88,88,88
1141,random,71,"[130, 84, 103, 98, 38, 51, 159, 186, 56, 8, 65, 25, 158, 161, 99, 137, 166, 92, 71, 81, 190, 50, 35, 134]",SSTF,1345,245,261,388
1142,bursty,135,"[119, 115, 179, 117, 112, 129, 117, 116, 108, 116, 125, 113, 114, 122, 119, 121, 113, 111, 33, 105, 119, 109, 132, 123]",SSTF,448,248,314,354
1143,sequential,100,"[153, 155, 157, 159, 161, 163, 165, 167, 169, 171, 173, 175, 177, 179, 181, 183, 185, 187, 189, 191, 193, 195, 197, 199]",FCFS,99,99,299,345
1144,random,58,"[126, 185, 128, 167, 121, 110, 149, 28, 164, 198, 164, 6, 95, 95, 62, 77, 17, 44, 136, 154, 124, 9, 170, 179]",SCAN,1451,332,256,394
1145,bursty,172,"[51, 44, 52, 41, 30, 138, 45, 41, 135, 44, 47, 50, 57, 38, 55, 38, 36, 42, 53, 52, 41, 50, 47, 50]",SSTF,660,142,142,142
1146,sequential,126,"[87, 88, 89, 90, 91, 92, 93, 94, 95, 96, 97, 98, 99, 100, 101, 102, 103, 104, 105, 106, 107, 108, 109, 110]",SSTF,62,39,39,39
1147,random,97,"[137, 87, 48, 48, 112, 73, 131, 195, 111, 11, 117, 141, 130, 188, 137, 167, 159, 60, 177, 166, 180, 91, 83, 81]",SSTF,1166,270,292,384
1148,bursty,75,"[158, 172, 146, 168, 150, 146, 155, 156, 154, 151, 160, 150, 159, 31, 152, 151, 165, 161, 82, 157, 147, 151, 153, 154]",SSTF,649,199,247,391
1149,sequential,67,"[106, 103, 100, 97, 94, 91, 88, 85, 82, 79, 76, 73, 70, 67, 64, 61, 58, 55, 52, 49, 46, 43, 40, 37]",FCFS,108,108,173,395
1150,random,64,"[198, 92, 119, 122, 197, 183, 85, 32, 159, 24, 99, 49, 157, 154, 170, 53, 127, 42, 165, 167, 115, 9, 148, 158]",SSTF,1732,244,262,377
1151,bursty,67,"[20, 30, 24, 20, 26, 28, 39, 19, 59, 25, 27, 173, 24, 34, 15, 25, 23, 22, 20, 175, 12, 19, 23, 17]",SSTF,856,218,242,292
1152,sequential,135,"[95, 96, 97, 98, 99, 100, 101, 102, 103, 104, 105, 106, 107, 108, 109, 110, 111, 112, 113, 114, 115, 116, 117, 118]",SSTF,63,40,40,40
1153,random,54,"[5, 153, 110, 115, 9, 173, 183, 143, 87, 85, 118, 176, 18, 27, 12, 93, 1, 153, 101, 94, 171, 12, 192, 101]",SSTF,1787,244,246,367
1154,bursty,153,"[142, 143, 143, 135, 87, 143, 143, 149, 146, 130, 135, 81, 142, 142, 130, 120, 127, 139, 140, 135, 134, 139, 131, 146]",SSTF,345,72,72,72
1155,sequential,197,"[109, 110, 111, 112, 113, 114, 115, 116, 117, 118, 119, 120, 121, 122, 123, 124, 125, 126, 127, 128, 129, 130, 131, 132]",SSTF,111,88,88,88
1156,random,84,"[96, 62, 33, 74, 17, 124, 23, 168, 141, 154, 111, 106, 42, 107, 25, 126, 61, 89, 24, 192, 65, 3, 19, 4]",SCAN,1472,297,276,393
1157,bursty,132,"[161, 170, 162, 167, 161, 155, 170, 158, 170, 163, 158, 34, 167, 159, 169, 164, 162, 173, 171, 167, 160, 161, 166, 161]",SSTF,431,180,305,375
1158,sequential,62,"[6, 4, 2, 0, 0, 0, 0, 0, 0, 0, 0, 0, 0, 0, 0, 0, 0, 0, 0, 0, 0, 0, 0, 0]",FCFS,62,62,62,62
1159,random,49,"[108, 165, 24, 88, 162, 20, 27, 35, 194, 8, 105, 37, 89, 162, 150, 182, 29, 126, 125, 16, 83, 152, 113, 174]",SSTF,1827,227,243,364
1160,bursty,4,"[121, 129, 115, 130, 125, 128, 65, 118, 122, 128, 137, 119, 123, 123, 5, 124, 111, 113, 128, 121, 120, 120, 126, 123]",SSTF,603,133,141,397
1161,sequential,181,"[117, 120, 123, 126, 129, 132, 135, 138, 141, 144, 147, 150, 153, 156, 159, 162, 165, 168, 171, 174, 177, 180, 183, 186]",FCFS,133,133,367,396
1162,random,167,"[154, 87, 149, 98, 45, 155, 115, 144, 142, 151, 2, 82, 27, 69, 159, 40, 114, 150, 105, 77, 11, 71, 122, 118]",SSTF,1335,165,165,165
1163,bursty,184,"[33, 39, 33, 54, 41, 37, 42, 34, 35, 48, 22, 39, 26, 32, 39, 49, 44, 36, 34, 38, 40, 44, 30, 29]",SSTF,347,162,162,162
1164,sequential,149,"[132, 131, 130, 129, 128, 127, 126, 125, 124, 123, 122, 121, 120, 119, 118, 117, 116, 115, 114, 113, 112, 111, 110, 109]",FCFS,40,40,40,40
1165,random,197,"[103, 147, 134, 22, 104, 149, 148, 116, 15, 191, 55, 21, 160, 3, 49, 88, 27, 145, 63, 111, 144, 109, 43, 197]",SSTF,1848,194,194,194
1166,bursty,16,"[139, 141, 143, 119, 180, 152, 137, 13, 132, 134, 134, 141, 129, 138, 142, 137, 145, 141, 148, 137, 133, 140, 132, 26]",SSTF,692,170,196,388
1167,sequential,48,"[161, 158, 155, 152, 149, 146, 143, 140, 137, 134, 131, 128, 125, 122, 119, 116, 113, 110, 107, 104, 101, 98, 95, 92]",SSTF,182,113,209,354
1168,random,14,"[99, 92, 137, 5, 87, 17, 17, 112, 4, 73, 22, 139, 106, 12, 75, 136, 22, 56, 148, 54, 51, 161, 61, 182]",SCAN,1780,208,196,395
1169,bursty,154,"[181, 183, 186, 188, 177, 199, 8, 190, 189, 187, 183, 181, 44, 180, 192, 188, 185, 194, 199, 186, 185, 185, 188, 192]",SSTF,776,236,353,375
1170,sequential,68,"[134, 131, 128, 125, 122, 119, 116, 113, 110, 107, 104, 101, 98, 95, 92, 89, 86, 83, 80, 77, 74, 71, 68, 65]",FCFS,135,135,202,395
1171,random,47,"[20, 99, 23, 175, 56, 152, 94, 96, 112, 163, 36, 136, 19, 109, 191, 103, 182, 121, 2, 126, 48, 51, 188, 117]",SCAN,1952,252,238,397
1172,bursty,125,"[49, 42, 39, 27, 44, 50, 35, 43, 48, 33, 42, 54, 31, 102, 37, 38, 37, 30, 38, 39, 26, 44, 36, 29]",SSTF,408,99,99,99
1173,sequential,79,"[33, 30, 27, 24, 21, 18, 15, 12, 9, 6, 3, 0, 0, 0, 0, 0, 0, 0, 0, 0, 0, 0, 0, 0]",FCFS,79,79,79,79
1174,random,5,"[144, 20, 111, 182, 26, 46, 17, 80, 135, 126, 42, 149, 155, 174, 33, 64, 81, 121, 50, 68, 132, 84, 21, 166]",SSTF,1611,177,187,386
1175,bursty,152,"[34, 38, 36, 37, 36, 37, 38, 39, 35, 37, 30, 41, 36, 78, 53, 31, 32, 38, 192, 43, 36, 35, 37, 49]",SSTF,579,202,344,358
1176,sequential,40,"[125, 124, 123, 122, 121, 120, 119, 118, 117, 116, 115, 114, 113, 112, 111, 110, 109, 108, 107, 106, 105, 104, 103, 102]",SSTF,108,85,165,336
1177,random,93,"[131, 159, 104, 15, 79, 4, 133, 111, 141, 149, 6, 40, 181, 11, 188, 82, 177, 166, 97, 135, 166, 131, 16, 114]",SSTF,1801,279,281,394
1178,bursty,51,"[151, 158, 155, 149, 152, 149, 158, 151, 145, 157, 151, 143, 151, 152, 156, 150, 149, 148, 146, 151, 96, 145, 148, 147]",SSTF,306,107,209,353
1179,sequential,84,"[29, 28, 27, 26, 25, 24, 23, 22, 21, 20, 19, 18, 17, 16, 15, 14, 13, 12, 11, 10, 9, 8, 7, 6]",FCFS,78,78,78,78
1180,random,2,"[168, 199, 25, 68, 183, 50, 74, 38, 188, 191, 9, 167, 189, 121, 121, 128, 63, 33, 55, 123, 11, 14, 6, 80]",SSTF,1694,197,201,394
1181,bursty,103,"[187, 178, 181, 176, 173, 185, 87, 182, 173, 170, 179, 183, 155, 177, 187, 185, 176, 171, 194, 180, 179, 174, 180, 179]",SSTF,460,123,297,346
1182,sequential,140,"[35, 36, 37, 38, 39, 40, 41, 42, 43, 44, 45, 46, 47, 48, 49, 50, 51, 52, 53, 54, 55, 56, 57, 58]",SSTF,128,105,105,105
1183,random,62,"[105, 55, 119, 21, 126, 92, 65, 31, 23, 45, 89, 4, 54, 84, 158, 173, 132, 110, 80, 11, 122, 13, 134, 1]",SCAN,1419,239,235,395
1184,bursty,75,"[55, 66, 61, 62, 64, 66, 62, 67, 70, 57, 72, 53, 62, 64, 62, 93, 59, 64, 70, 56, 67, 56, 56, 65]",SSTF,234,62,168,380
1185,sequential,122,"[46, 44, 42, 40, 38, 36, 34, 32, 30, 28, 26, 24, 22, 20, 18, 16, 14, 12, 10, 8, 6, 4, 2, 0]",FCFS,122,122,122,122
1186,random,66,"[115, 129, 31, 65, 61, 161, 153, 155, 175, 67, 49, 151, 61, 176, 72, 73, 62, 29, 25, 22, 93, 21, 43, 94]",SSTF,1134,216,242,397
1187,bursty,181,"[114, 104, 97, 106, 114, 111, 112, 117, 105, 111, 65, 107, 109, 103, 119, 117, 111, 111, 106, 71, 109, 99, 107, 111]",SSTF,348,116,116,116
1188,sequential,80,"[82, 83, 84, 85, 86, 87, 88, 89, 90, 91, 92, 93, 94, 95, 96, 97, 98, 99, 100, 101, 102, 103, 104, 105]",FCFS,25,25,185,396
1189,random,77,"[167, 108, 6, 57, 99, 60, 156, 159, 1, 183, 31, 163, 148, 163, 76, 27, 111, 100, 197, 31, 194, 89, 197, 75]",SCAN,2128,320,274,386
1190,bursty,191,"[52, 155, 53, 71, 65, 64, 67, 62, 62, 63, 58, 60, 62, 67, 187, 52, 65, 72, 65, 79, 51, 66, 64, 69]",SSTF,738,140,140,140
1191,sequential,70,"[10, 7, 4, 1, 0, 0, 0, 0, 0, 0, 0, 0, 0, 0, 0, 0, 0, 0, 0, 0, 0, 0, 0, 0]",FCFS,70,70,70,70
1192,random,33,"[197, 60, 53, 196, 129, 175, 181, 135, 73, 133, 13, 176, 83, 81, 40, 139, 4, 69, 133, 88, 129, 94, 20, 98]",SCAN,1793,357,230,391
1193,bursty,174,"[19, 148, 0, 13, 17, 18, 163, 20, 16, 193, 21, 24, 16, 50, 145, 15, 19, 31, 13, 12, 20, 16, 9, 17]",SSTF,1423,270,367,379
1194,sequential,112,"[20, 21, 22, 23, 24, 25, 26, 27, 28, 29, 30, 31, 32, 33, 34, 35, 36, 37, 38, 39, 40, 41, 42, 43]",SSTF,115,92,92,92
1195,random,90,"[104, 20, 85, 152, 10, 81, 142, 94, 88, 126, 155, 199, 17, 54, 177, 113, 143, 97, 148, 117, 96, 42, 87, 109]",SCAN,1375,316,289,394
1196,bursty,28,"[79, 86, 69, 76, 76, 74, 79, 77, 33, 74, 76, 81, 81, 75, 77, 78, 72, 76, 85, 81, 83, 77, 122, 70]",SSTF,320,94,150,393
1197,sequential,168,"[63, 65, 67, 69, 71, 73, 75, 77, 79, 81, 83, 85, 87, 89, 91, 93, 95, 97, 99, 101, 103, 105, 107, 109]",SSTF,151,105,105,105
1198,random,162,"[167, 141, 12, 57, 44, 103, 99, 88, 11, 142, 46, 183, 41, 12, 36, 144, 31, 131, 129, 65, 134, 104, 21, 9]",SSTF,1509,195,345,393
1199,bursty,45,"[145, 151, 151, 158, 161, 143, 116, 158, 164, 143, 155, 165, 157, 157, 157, 153, 144, 159, 4, 167, 147, 116, 135, 144]",SSTF,685,204,212,327
